"","Dataset","Model","FS_Method","RA","CLR","logRA","PA"
"1","ART","Boosting","AE100",0.622662309368192,0.611742919389978,0.530126361655773,0.503725490196078
"2","ART","Boosting","AE50",0.549816993464052,0.622139433551198,0.495694989106754,0.602919389978213
"3","ART","Boosting","LASSO",0.58516339869281,0.555137254901961,0.565699346405229,0.624993464052288
"4","ART","Boosting","MIFS100",0.539790849673203,0.531006535947712,0.53116339869281,0.548653594771242
"5","ART","Boosting","MIFS50",0.489346405228758,0.521202614379085,0.529660130718954,0.52883660130719
"6","ART","Boosting","mRMR100",0.568901960784314,0.583111111111111,0.602196078431373,0.585895424836601
"7","ART","Boosting","mRMR50",0.586509803921569,0.53518954248366,0.600366013071895,0.570575163398693
"8","ART","Boosting","Relief100",0.605228758169935,0.587137254901961,0.597843137254902,0.617006535947712
"9","ART","Boosting","Relief50",0.590065359477124,0.602274509803922,0.603228758169935,0.605372549019608
"10","ART","Boosting","RF100",0.584522875816993,0.61597385620915,0.59043137254902,0.530549019607843
"11","ART","Boosting","RF50",0.591908496732026,0.579294117647059,0.606117647058824,0.518366013071895
"12","ART","Boosting","VAE",0.51077559912854,0.474074074074074,0.499742919389978,0.515825708061002
"13","ART","KNN","AE100",0.573736383442266,0.594152505446623,0.527895424836601,0.575089324618736
"14","ART","KNN","AE50",0.566570806100218,0.614978213507625,0.571494553376906,0.599559912854031
"15","ART","KNN","LASSO",0.541934640522876,0.560888888888889,0.580483660130719,0.609830065359477
"16","ART","KNN","MIFS100",0.538980392156863,0.530522875816993,0.551346405228758,0.526418300653595
"17","ART","KNN","MIFS50",0.49124183006536,0.525071895424837,0.518366013071895,0.527607843137255
"18","ART","KNN","mRMR100",0.506235294117647,0.493006535947712,0.569385620915033,0.5
"19","ART","KNN","mRMR50",0.52878431372549,0.489490196078431,0.597725490196078,0.493477124183006
"20","ART","KNN","Relief100",0.589803921568627,0.514679738562091,0.564326797385621,0.549986928104575
"21","ART","KNN","Relief50",0.595098039215686,0.524745098039216,0.547137254901961,0.501437908496732
"22","ART","KNN","RF100",0.530862745098039,0.541503267973856,0.571241830065359,0.494183006535948
"23","ART","KNN","RF50",0.532143790849673,0.557725490196079,0.583228758169935,0.504117647058823
"24","ART","KNN","VAE",0.585627450980392,0.545997821350763,0.458625272331155,0.60758605664488
"25","ART","LogisticRegression","AE100",0.522976034858388,0.609834422657952,0.528130718954248,0.556888888888889
"26","ART","LogisticRegression","AE50",0.51323311546841,0.636834422657952,0.526592592592593,0.550610021786492
"27","ART","LogisticRegression","LASSO",0.592718954248366,0.607660130718954,0.60475816993464,0.61356862745098
"28","ART","LogisticRegression","MIFS100",0.583777777777778,0.515921568627451,0.582875816993464,0.582078431372549
"29","ART","LogisticRegression","MIFS50",0.526718954248366,0.526954248366013,0.579320261437908,0.52356862745098
"30","ART","LogisticRegression","mRMR100",0.562366013071895,0.611477124183007,0.590457516339869,0.572248366013072
"31","ART","LogisticRegression","mRMR50",0.550522875816993,0.60002614379085,0.58681045751634,0.564169934640523
"32","ART","LogisticRegression","Relief100",0.505816993464052,0.671712418300654,0.639843137254902,0.591843137254902
"33","ART","LogisticRegression","Relief50",0.502287581699346,0.658091503267974,0.632732026143791,0.581032679738562
"34","ART","LogisticRegression","RF100",0.592444444444444,0.583529411764706,0.613359477124183,0.547045751633987
"35","ART","LogisticRegression","RF50",0.557385620915033,0.594287581699346,0.582091503267974,0.516248366013072
"36","ART","LogisticRegression","VAE",0.546627450980392,0.559010893246187,0.484976034858388,0.544832244008715
"37","ART","RandomForest","AE100",0.588616557734205,0.578832244008715,0.551298474945534,0.473372549019608
"38","ART","RandomForest","AE50",0.582004357298475,0.667082788671024,0.531527233115468,0.561723311546841
"39","ART","RandomForest","LASSO",0.572287581699346,0.508287581699346,0.56521568627451,0.596705882352941
"40","ART","RandomForest","MIFS100",0.536535947712418,0.501542483660131,0.568196078431373,0.570130718954248
"41","ART","RandomForest","MIFS50",0.482065359477124,0.503032679738562,0.578575163398693,0.530575163398693
"42","ART","RandomForest","mRMR100",0.580535947712418,0.587045751633987,0.628392156862745,0.564549019607843
"43","ART","RandomForest","mRMR50",0.593882352941176,0.579738562091503,0.58481045751634,0.570849673202614
"44","ART","RandomForest","Relief100",0.59640522875817,0.605725490196078,0.59275816993464,0.557124183006536
"45","ART","RandomForest","Relief50",0.617385620915033,0.612300653594771,0.59597385620915,0.564640522875817
"46","ART","RandomForest","RF100",0.569542483660131,0.610732026143791,0.599137254901961,0.557751633986928
"47","ART","RandomForest","RF50",0.571986928104575,0.605019607843137,0.611790849673203,0.51521568627451
"48","ART","RandomForest","VAE",0.491501089324619,0.534976034858388,0.512790849673203,0.521938997821351
"49","ART","SVM","AE100",0.524392156862745,0.533490196078431,0.452021786492375,0.46880174291939
"50","ART","SVM","AE50",0.524,0.576492374727669,0.478187363834423,0.513376906318083
"51","ART","SVM","LASSO",0.556143790849673,0.507058823529412,0.521934640522876,0.609908496732026
"52","ART","SVM","MIFS100",0.467464052287582,0.483529411764706,0.542771241830065,0.550339869281046
"53","ART","SVM","MIFS50",0.51116339869281,0.482823529411765,0.540993464052288,0.485607843137255
"54","ART","SVM","mRMR100",0.551882352941176,0.582196078431373,0.591843137254902,0.568718954248366
"55","ART","SVM","mRMR50",0.576483660130719,0.591267973856209,0.594575163398693,0.563294117647059
"56","ART","SVM","Relief100",0.592875816993464,0.629281045751634,0.649150326797386,0.567477124183007
"57","ART","SVM","Relief50",0.523856209150327,0.614457516339869,0.640732026143791,0.571045751633987
"58","ART","SVM","RF100",0.526849673202614,0.59440522875817,0.601921568627451,0.541450980392157
"59","ART","SVM","RF50",0.579607843137255,0.578326797385621,0.604392156862745,0.506209150326797
"60","ART","SVM","VAE",0.496091503267974,0.492657952069717,0.440614379084967,0.501355119825708
"61","CD1","Boosting","AE100",0.701401709401709,0.788505341880342,0.706306623931624,0.708632478632479
"62","CD1","Boosting","AE50",0.712994658119658,0.712482905982906,0.626221153846154,0.668100427350427
"63","CD1","Boosting","LASSO",0.794375,0.764387820512821,0.750964743589744,0.720198717948718
"64","CD1","Boosting","MIFS100",0.697014423076923,0.743551282051282,0.722291666666667,0.638376602564103
"65","CD1","Boosting","MIFS50",0.63519391025641,0.735241987179487,0.699964743589744,0.567354166666667
"66","CD1","Boosting","mRMR100",0.798019230769231,0.779423076923077,0.752833333333333,0.738009615384615
"67","CD1","Boosting","mRMR50",0.78888782051282,0.786395833333333,0.755048076923077,0.727653846153846
"68","CD1","Boosting","Relief100",0.719262820512821,0.713269230769231,0.739198717948718,0.732400641025641
"69","CD1","Boosting","Relief50",0.718189102564103,0.707136217948718,0.730304487179487,0.723719551282051
"70","CD1","Boosting","RF100",0.783467948717949,0.767929487179487,0.746346153846154,0.729714743589744
"71","CD1","Boosting","RF50",0.782278846153846,0.758886217948718,0.745541666666667,0.734673076923077
"72","CD1","Boosting","VAE",0.551073717948718,0.607824786324786,0.606595085470085,0.574370726495727
"73","CD1","KNN","AE100",0.69045405982906,0.720680555555555,0.702654914529914,0.676148504273504
"74","CD1","KNN","AE50",0.714155982905983,0.725548611111111,0.685763354700855,0.733605769230769
"75","CD1","KNN","LASSO",0.640025641025641,0.773608974358974,0.783357371794872,0.751237179487179
"76","CD1","KNN","MIFS100",0.70204967948718,0.776323717948718,0.722240384615385,0.660623397435897
"77","CD1","KNN","MIFS50",0.627721153846154,0.757951923076923,0.744456730769231,0.562346153846154
"78","CD1","KNN","mRMR100",0.670633012820513,0.802796474358974,0.800100961538462,0.763142628205128
"79","CD1","KNN","mRMR50",0.694910256410256,0.795514423076923,0.801826923076923,0.750947115384616
"80","CD1","KNN","Relief100",0.632107371794872,0.712195512820513,0.718078525641026,0.722605769230769
"81","CD1","KNN","Relief50",0.628044871794872,0.711294871794872,0.721341346153846,0.735985576923077
"82","CD1","KNN","RF100",0.751009615384616,0.774895833333333,0.777823717948718,0.751866987179487
"83","CD1","KNN","RF50",0.759073717948718,0.772065705128205,0.788554487179487,0.737485576923077
"84","CD1","KNN","VAE",0.579419871794872,0.533866987179487,0.500481837606838,0.601758547008547
"85","CD1","LogisticRegression","AE100",0.719411324786325,0.788491452991453,0.784236111111111,0.764823717948718
"86","CD1","LogisticRegression","AE50",0.707529914529915,0.777017094017094,0.70174358974359,0.75625641025641
"87","CD1","LogisticRegression","LASSO",0.683214743589744,0.796846153846154,0.793695512820513,0.747326923076923
"88","CD1","LogisticRegression","MIFS100",0.713301282051282,0.785208333333333,0.760451923076923,0.67305608974359
"89","CD1","LogisticRegression","MIFS50",0.677759615384615,0.785657051282051,0.756932692307692,0.596100961538461
"90","CD1","LogisticRegression","mRMR100",0.786823717948718,0.806935897435898,0.810108974358974,0.791676282051282
"91","CD1","LogisticRegression","mRMR50",0.778894230769231,0.78649358974359,0.797309294871795,0.767410256410256
"92","CD1","LogisticRegression","Relief100",0.743237179487179,0.744541666666667,0.769900641025641,0.760038461538462
"93","CD1","LogisticRegression","Relief50",0.766955128205128,0.742394230769231,0.771650641025641,0.760078525641026
"94","CD1","LogisticRegression","RF100",0.767487179487179,0.802814102564102,0.79086858974359,0.771573717948718
"95","CD1","LogisticRegression","RF50",0.766150641025641,0.794384615384615,0.799721153846154,0.769208333333333
"96","CD1","LogisticRegression","VAE",0.620909188034188,0.727660256410256,0.585643162393162,0.649629273504273
"97","CD1","RandomForest","AE100",0.71867735042735,0.759873931623932,0.751468482905983,0.731868055555556
"98","CD1","RandomForest","AE50",0.74467094017094,0.754449786324786,0.651760683760684,0.729745726495727
"99","CD1","RandomForest","LASSO",0.793565705128205,0.746605769230769,0.781258012820513,0.76626282051282
"100","CD1","RandomForest","MIFS100",0.723724358974359,0.736354166666667,0.728397435897436,0.679533653846154
"101","CD1","RandomForest","MIFS50",0.654144230769231,0.724084935897436,0.734179487179487,0.583607371794872
"102","CD1","RandomForest","mRMR100",0.805038461538461,0.756352564102564,0.777685897435897,0.789522435897436
"103","CD1","RandomForest","mRMR50",0.798615384615385,0.766908653846154,0.786426282051282,0.768054487179487
"104","CD1","RandomForest","Relief100",0.793100961538462,0.748751602564103,0.771801282051282,0.7785625
"105","CD1","RandomForest","Relief50",0.797235576923077,0.748721153846154,0.769020833333333,0.773379807692308
"106","CD1","RandomForest","RF100",0.816967948717949,0.741080128205128,0.770320512820513,0.781495192307692
"107","CD1","RandomForest","RF50",0.799983974358975,0.747644230769231,0.774310897435897,0.763878205128205
"108","CD1","RandomForest","VAE",0.666792735042735,0.630095085470086,0.586411324786325,0.616798076923077
"109","CD1","SVM","AE100",0.692540598290598,0.786136752136752,0.754995726495727,0.767986645299146
"110","CD1","SVM","AE50",0.689464743589744,0.787497863247863,0.694557692307692,0.769797008547009
"111","CD1","SVM","LASSO",0.63725641025641,0.796198717948718,0.793330128205128,0.760160256410257
"112","CD1","SVM","MIFS100",0.720982371794872,0.799169871794872,0.769785256410257,0.656177884615385
"113","CD1","SVM","MIFS50",0.641613782051282,0.78525,0.767778846153846,0.59388141025641
"114","CD1","SVM","mRMR100",0.756259615384615,0.81174358974359,0.831375,0.785246794871795
"115","CD1","SVM","mRMR50",0.758549679487179,0.800987179487179,0.804088141025641,0.76723717948718
"116","CD1","SVM","Relief100",0.766354166666667,0.763858974358974,0.781657051282051,0.770927884615385
"117","CD1","SVM","Relief50",0.771762820512821,0.761902243589744,0.782628205128205,0.764285256410257
"118","CD1","SVM","RF100",0.722684294871795,0.818830128205128,0.820282051282051,0.786897435897436
"119","CD1","SVM","RF50",0.708826923076923,0.796980769230769,0.819830128205128,0.77
"120","CD1","SVM","VAE",0.646086538461539,0.693253739316239,0.50348344017094,0.610730769230769
"121","CD2","Boosting","AE100",0.668570785939207,0.753423301844355,0.792113617376775,0.773630229419703
"122","CD2","Boosting","AE50",0.682177880598933,0.829730094466937,0.699607994344836,0.767662103977893
"123","CD2","Boosting","LASSO",0.808647259173575,0.802610372084056,0.806378124799177,0.785327421116895
"124","CD2","Boosting","MIFS100",0.7439666473877,0.786295867874815,0.790030203714414,0.733637619690251
"125","CD2","Boosting","MIFS50",0.72513848724375,0.792880920249341,0.781648351648352,0.70967032967033
"126","CD2","Boosting","mRMR100",0.815685688580425,0.805473941263415,0.801101471627787,0.795995437311227
"127","CD2","Boosting","mRMR50",0.820387828545723,0.824581325107641,0.806160272476062,0.798967290019922
"128","CD2","Boosting","Relief100",0.793711843711844,0.781445922498554,0.786172482488272,0.805701433069854
"129","CD2","Boosting","Relief50",0.802538397275239,0.778452541610436,0.784076858813701,0.815116637748217
"130","CD2","Boosting","RF100",0.82361287834972,0.806160272476062,0.791659276396119,0.809919670972303
"131","CD2","Boosting","RF50",0.802418225049804,0.799536662168241,0.788194203457361,0.793065355696935
"132","CD2","Boosting","VAE",0.574295353769038,0.799778934515777,0.570366942998522,0.713042863569179
"133","CD2","KNN","AE100",0.669811387442966,0.732771672771673,0.734537626116573,0.751261487050961
"134","CD2","KNN","AE50",0.659386607544502,0.759077180129812,0.718856435961699,0.75768523873787
"135","CD2","KNN","LASSO",0.741838570785939,0.769543088490457,0.790750915750916,0.798931945247735
"136","CD2","KNN","MIFS100",0.755506072874494,0.777699697962856,0.767108476319002,0.777638647901806
"137","CD2","KNN","MIFS50",0.758165927639612,0.796426000899685,0.783488207698734,0.703973073709916
"138","CD2","KNN","mRMR100",0.722616798406272,0.795420281472913,0.809181929181929,0.804751301330249
"139","CD2","KNN","mRMR50",0.712312190733243,0.826335711072553,0.823969217916586,0.821105648737228
"140","CD2","KNN","Relief100",0.685476511792301,0.761573806310649,0.770683118051539,0.786201079622132
"141","CD2","KNN","Relief50",0.669246835036309,0.762077951288478,0.78690411927254,0.810341237709659
"142","CD2","KNN","RF100",0.740577405051089,0.765546880020564,0.771795835743204,0.770116316432106
"143","CD2","KNN","RF50",0.707863569179359,0.793285778548937,0.790151018572071,0.800212389949232
"144","CD2","KNN","VAE",0.609874365400681,0.771010217852323,0.58228648544438,0.700852772958036
"145","CD2","LogisticRegression","AE100",0.754373754900071,0.837953859006491,0.810197930724247,0.827536790694685
"146","CD2","LogisticRegression","AE50",0.696225178330442,0.837237966711651,0.781630357946147,0.836110147162779
"147","CD2","LogisticRegression","LASSO",0.756811901548744,0.821515326778485,0.830824497140286,0.826947496947497
"148","CD2","LogisticRegression","MIFS100",0.818866718077245,0.826849816849817,0.827442002442002,0.782769744875008
"149","CD2","LogisticRegression","MIFS50",0.791716470663839,0.837050318102949,0.829668401773665,0.727140286613971
"150","CD2","LogisticRegression","mRMR100",0.822015937279095,0.845886511149669,0.838780284043442,0.840901613006876
"151","CD2","LogisticRegression","mRMR50",0.826728359359938,0.852461924040871,0.848937728937729,0.841590193432299
"152","CD2","LogisticRegression","Relief100",0.761107897950003,0.818356789409421,0.831764025448236,0.840643274853801
"153","CD2","LogisticRegression","Relief50",0.785727138358717,0.815438596491228,0.822004369899107,0.845501574448943
"154","CD2","LogisticRegression","RF100",0.771167020114389,0.827850395218816,0.827349784718206,0.827806696227749
"155","CD2","LogisticRegression","RF50",0.796067090803933,0.83030525030525,0.827582417582418,0.829367007261744
"156","CD2","LogisticRegression","VAE",0.589536662168241,0.856853672643146,0.564572328256539,0.701170233275496
"157","CD2","RandomForest","AE100",0.69597647966069,0.778651757599126,0.813911702332755,0.80183085919928
"158","CD2","RandomForest","AE50",0.682581453634085,0.827293875714928,0.747190411927254,0.806758563074353
"159","CD2","RandomForest","LASSO",0.849660690187006,0.800145877514298,0.812324722061564,0.823257181415076
"160","CD2","RandomForest","MIFS100",0.806143885354412,0.789800141379089,0.781859777649251,0.768480174795964
"161","CD2","RandomForest","MIFS50",0.769350941456205,0.792848788638262,0.787582096266307,0.743481781376518
"162","CD2","RandomForest","mRMR100",0.849087462245357,0.806076730287257,0.810004498425551,0.838874750980014
"163","CD2","RandomForest","mRMR50",0.852032967032967,0.815013173960542,0.809120236488658,0.836767238609344
"164","CD2","RandomForest","Relief100",0.841909260330313,0.778944797892166,0.786209755157123,0.847254675149412
"165","CD2","RandomForest","Relief50",0.828111946532999,0.779573292204871,0.796819291819292,0.837545466229677
"166","CD2","RandomForest","RF100",0.840309748730801,0.790068119015487,0.801124285071653,0.832531007004691
"167","CD2","RandomForest","RF50",0.837934580039843,0.78836867810552,0.802794164899428,0.830818713450292
"168","CD2","RandomForest","VAE",0.63123256860099,0.830517318938372,0.579374076216181,0.742129683182315
"169","CD2","SVM","AE100",0.729938307306728,0.817926868453184,0.809367649893966,0.807385129490393
"170","CD2","SVM","AE50",0.694462438146649,0.826158987211619,0.777654392391234,0.825888439046334
"171","CD2","SVM","LASSO",0.763086562560247,0.820314247156352,0.829771222929118,0.817746610115031
"172","CD2","SVM","MIFS100",0.804857978279031,0.835141379088748,0.821237067026541,0.771662168241116
"173","CD2","SVM","MIFS50",0.770620140093824,0.830998329156224,0.841481909902962,0.726728038043828
"174","CD2","SVM","mRMR100",0.791113681639997,0.848282565387829,0.856249598354861,0.844723989460832
"175","CD2","SVM","mRMR50",0.816497975708502,0.859685110211426,0.856799048904312,0.841256667309299
"176","CD2","SVM","Relief100",0.750742240215925,0.826481909902963,0.834970760233918,0.84703425229741
"177","CD2","SVM","Relief50",0.781694621168305,0.797748859327807,0.828816914080072,0.843202236360131
"178","CD2","SVM","RF100",0.734848017479596,0.835113424587109,0.832321830216567,0.836140993509415
"179","CD2","SVM","RF50",0.778588779641411,0.833662361030782,0.830893258787996,0.833500417710944
"180","CD2","SVM","VAE",0.691654777970567,0.845718141507615,0.524876935929568,0.693560825139772
"181","CDI","Boosting","AE100",0.776718979989657,0.860449735449735,0.827233311453236,0.850477980665951
"182","CDI","Boosting","AE50",0.776830021482277,0.873449397302781,0.683978696741855,0.840091946135179
"183","CDI","Boosting","LASSO",0.879423558897243,0.922899510681466,0.923691371285356,0.898211302064686
"184","CDI","Boosting","MIFS100",0.898527867287266,0.912928452082587,0.903293054063731,0.892642021720969
"185","CDI","Boosting","MIFS50",0.885359678959303,0.900711302064686,0.902844909893782,0.880335809762502
"186","CDI","Boosting","mRMR100",0.888265902852369,0.902787027091538,0.908091359350758,0.891398138202649
"187","CDI","Boosting","mRMR50",0.887250417710944,0.890038190714882,0.90953693758205,0.891291771094403
"188","CDI","Boosting","Relief100",0.891143036161833,0.899415503043323,0.912203723594701,0.893614989855591
"189","CDI","Boosting","Relief50",0.887549230218403,0.904908401957274,0.906304153240243,0.890551676811075
"190","CDI","Boosting","RF100",0.920572562358277,0.893553825038787,0.915356546127223,0.897759577515216
"191","CDI","Boosting","RF50",0.919789354338226,0.893967358873374,0.907441818832796,0.890811851056212
"192","CDI","Boosting","VAE",0.688457751521661,0.825450033814696,0.641126277996579,0.812377222818952
"193","CDI","KNN","AE100",0.741715399610137,0.8443850698174,0.761630489915264,0.810018697537495
"194","CDI","KNN","AE50",0.745301000517166,0.849391733301508,0.722047131718184,0.82624343597088
"195","CDI","KNN","LASSO",0.647353353622151,0.865526017424514,0.870028344671202,0.898191460794844
"196","CDI","KNN","MIFS100",0.7096850757847,0.867646198830409,0.83405731590882,0.879443250984604
"197","CDI","KNN","MIFS50",0.745044456379043,0.855999075068624,0.859465329991646,0.89640873015873
"198","CDI","KNN","mRMR100",0.731938327962764,0.835090106217926,0.835035505430242,0.866174066117675
"199","CDI","KNN","mRMR50",0.718994808449696,0.840951784222461,0.85062999761308,0.872316803914548
"200","CDI","KNN","Relief100",0.748234425349087,0.862763605442177,0.818965717866094,0.847225056689342
"201","CDI","KNN","Relief50",0.755909863945578,0.859762501491825,0.829009875880177,0.846119614512472
"202","CDI","KNN","RF100",0.760392946652345,0.851307882802244,0.836792427497315,0.876049797111827
"203","CDI","KNN","RF50",0.786198979591837,0.850513486096193,0.840992361857023,0.879656432748538
"204","CDI","KNN","VAE",0.681373746867168,0.816385283645622,0.636742202729045,0.773429506305446
"205","CDI","LogisticRegression","AE100",0.804696214743207,0.887803039344393,0.868553725583801,0.883634284123006
"206","CDI","LogisticRegression","AE50",0.800582855949397,0.886947080001591,0.77823223733938,0.886936935592951
"207","CDI","LogisticRegression","LASSO",0.783837271750806,0.915209153836973,0.910040577634562,0.912925170068027
"208","CDI","LogisticRegression","MIFS100",0.837669769662251,0.912416159446235,0.902197159565581,0.908525778732546
"209","CDI","LogisticRegression","MIFS50",0.839725802601742,0.904874388351832,0.907078708676453,0.905276584317938
"210","CDI","LogisticRegression","mRMR100",0.851790488125075,0.902217448382862,0.89718462823726,0.903140589569161
"211","CDI","LogisticRegression","mRMR50",0.868335571070533,0.896769304212913,0.898265902852369,0.892670068027211
"212","CDI","LogisticRegression","Relief100",0.853173111349803,0.910729203962287,0.904495464852608,0.895864661654135
"213","CDI","LogisticRegression","Relief50",0.852242212674544,0.912309941520468,0.903669292278315,0.898300811552691
"214","CDI","LogisticRegression","RF100",0.803812209094164,0.896517782551617,0.903046007876835,0.913658551139754
"215","CDI","LogisticRegression","RF50",0.823579782790309,0.897889963002745,0.900645661773481,0.904592731829574
"216","CDI","LogisticRegression","VAE",0.606001163623344,0.861704310379122,0.676387844611529,0.840410948004933
"217","CDI","RandomForest","AE100",0.772780463062418,0.860091548315233,0.833324084019573,0.842367128137805
"218","CDI","RandomForest","AE50",0.772176696702073,0.86754642061503,0.713314983888292,0.848430202490353
"219","CDI","RandomForest","LASSO",0.903237856546127,0.89750343119704,0.917782253252178,0.918491466762143
"220","CDI","RandomForest","MIFS100",0.916920276882683,0.889473385845566,0.902679018976011,0.910585541234038
"221","CDI","RandomForest","MIFS50",0.910698472371405,0.894598400763814,0.903370927318296,0.903940058479532
"222","CDI","RandomForest","mRMR100",0.915399063134026,0.898020348490273,0.904249910490512,0.914008682420337
"223","CDI","RandomForest","mRMR50",0.911174812030075,0.897437641723356,0.907742272347536,0.908819220670724
"224","CDI","RandomForest","Relief100",0.901818534431316,0.895486334884831,0.902616063969448,0.910384144886025
"225","CDI","RandomForest","Relief50",0.895379818594104,0.898583064804869,0.907789115646258,0.913267991407089
"226","CDI","RandomForest","RF100",0.920325665353861,0.882172693638859,0.900985201097983,0.914260502446593
"227","CDI","RandomForest","RF50",0.921784520825874,0.888230099057167,0.904770557345745,0.913764172335601
"228","CDI","RandomForest","VAE",0.717825963718821,0.845062059911684,0.692558927079604,0.825206667462307
"229","CDI","SVM","AE100",0.774006743048096,0.863530552571906,0.853291512511437,0.848860245852727
"230","CDI","SVM","AE50",0.765010964912281,0.86411977364045,0.7498951495803,0.880704688308072
"231","CDI","SVM","LASSO",0.716665622389307,0.904913175796634,0.906587599952262,0.914285415920754
"232","CDI","SVM","MIFS100",0.81015127103473,0.911518677646497,0.902214763098222,0.902263694951665
"233","CDI","SVM","MIFS50",0.83547081990691,0.902543859649123,0.905028941401122,0.90031537176274
"234","CDI","SVM","mRMR100",0.832633369137128,0.89640082348729,0.896017722878625,0.895650137247882
"235","CDI","SVM","mRMR50",0.86546858216971,0.890549140708915,0.900067132116004,0.899604069698055
"236","CDI","SVM","Relief100",0.828189521422604,0.887988423439551,0.90375044754744,0.899806062775988
"237","CDI","SVM","Relief50",0.826148705096074,0.894464434896766,0.903956021004893,0.908364064924215
"238","CDI","SVM","RF100",0.786989199188447,0.892931584914668,0.898239348370927,0.906666666666667
"239","CDI","SVM","RF50",0.788836675020886,0.892069011815253,0.897780015514978,0.910439789951068
"240","CDI","SVM","VAE",0.692979000079564,0.848316202211879,0.621083114532363,0.812458179178104
"241","CIR","Boosting","AE100",0.569187878787879,0.649333333333333,0.654909090909091,0.663539393939394
"242","CIR","Boosting","AE50",0.603393939393939,0.749236363636364,0.528654545454545,0.62809696969697
"243","CIR","Boosting","LASSO",0.72370303030303,0.758,0.859454545454545,0.75649696969697
"244","CIR","Boosting","MIFS100",0.721133333333333,0.720587878787879,0.7716,0.650327272727273
"245","CIR","Boosting","MIFS50",0.662515151515152,0.681654545454546,0.761527272727273,0.665933333333333
"246","CIR","Boosting","mRMR100",0.836163636363636,0.732309090909091,0.830575757575758,0.73370303030303
"247","CIR","Boosting","mRMR50",0.824078787878788,0.745012121212121,0.829812121212121,0.733218181818182
"248","CIR","Boosting","Relief100",0.803060606060606,0.706775757575758,0.79349696969697,0.749915151515152
"249","CIR","Boosting","Relief50",0.819727272727273,0.713187878787879,0.782878787878788,0.707733333333333
"250","CIR","Boosting","RF100",0.823684848484848,0.712351515151515,0.841363636363636,0.773284848484848
"251","CIR","Boosting","RF50",0.836569696969697,0.720218181818182,0.811539393939394,0.735557575757576
"252","CIR","Boosting","VAE",0.543466666666667,0.738981818181818,0.415612121212121,0.521793939393939
"253","CIR","KNN","AE100",0.454921212121212,0.648254545454546,0.618569696969697,0.694351515151515
"254","CIR","KNN","AE50",0.432933333333333,0.570933333333333,0.677878787878788,0.620569696969697
"255","CIR","KNN","LASSO",0.570327272727273,0.7828,0.811515151515152,0.750460606060606
"256","CIR","KNN","MIFS100",0.645424242424242,0.669709090909091,0.682842424242424,0.663993939393939
"257","CIR","KNN","MIFS50",0.664321212121212,0.615666666666667,0.678727272727273,0.64889696969697
"258","CIR","KNN","mRMR100",0.520636363636364,0.667175757575758,0.698369696969697,0.675157575757576
"259","CIR","KNN","mRMR50",0.556612121212121,0.713624242424242,0.729781818181818,0.721430303030303
"260","CIR","KNN","Relief100",0.581666666666667,0.652315151515152,0.587454545454545,0.671987878787879
"261","CIR","KNN","Relief50",0.629666666666667,0.634054545454545,0.612806060606061,0.695890909090909
"262","CIR","KNN","RF100",0.577042424242424,0.7174,0.702157575757576,0.637890909090909
"263","CIR","KNN","RF50",0.624593939393939,0.742842424242424,0.739769696969697,0.695375757575758
"264","CIR","KNN","VAE",0.574133333333333,0.592072727272727,0.345866666666667,0.50190303030303
"265","CIR","LogisticRegression","AE100",0.502327272727273,0.660218181818182,0.776727272727273,0.814666666666667
"266","CIR","LogisticRegression","AE50",0.534327272727273,0.654157575757576,0.575587878787879,0.718690909090909
"267","CIR","LogisticRegression","LASSO",0.693054545454545,0.810266666666667,0.823175757575758,0.77750303030303
"268","CIR","LogisticRegression","MIFS100",0.735672727272727,0.731769696969697,0.72870303030303,0.700145454545455
"269","CIR","LogisticRegression","MIFS50",0.666830303030303,0.694187878787879,0.729357575757576,0.67500606060606
"270","CIR","LogisticRegression","mRMR100",0.765187878787879,0.824484848484848,0.809430303030303,0.824448484848485
"271","CIR","LogisticRegression","mRMR50",0.797806060606061,0.837139393939394,0.798448484848485,0.805272727272727
"272","CIR","LogisticRegression","Relief100",0.674424242424242,0.741006060606061,0.702824242424242,0.779466666666667
"273","CIR","LogisticRegression","Relief50",0.671757575757576,0.747909090909091,0.705890909090909,0.770569696969697
"274","CIR","LogisticRegression","RF100",0.701236363636364,0.746824242424242,0.772521212121212,0.797515151515152
"275","CIR","LogisticRegression","RF50",0.734654545454545,0.742933333333333,0.745054545454546,0.798860606060606
"276","CIR","LogisticRegression","VAE",0.558763636363636,0.523345454545455,0.395757575757576,0.565575757575758
"277","CIR","RandomForest","AE100",0.432836363636364,0.739987878787879,0.722763636363636,0.770909090909091
"278","CIR","RandomForest","AE50",0.465054545454545,0.759830303030303,0.622472727272727,0.72649696969697
"279","CIR","RandomForest","LASSO",0.765484848484849,0.789836363636364,0.836775757575758,0.784060606060606
"280","CIR","RandomForest","MIFS100",0.780484848484848,0.739466666666667,0.78089696969697,0.666884848484849
"281","CIR","RandomForest","MIFS50",0.711618181818182,0.722472727272727,0.7586,0.688315151515151
"282","CIR","RandomForest","mRMR100",0.857454545454545,0.789563636363636,0.806854545454545,0.821490909090909
"283","CIR","RandomForest","mRMR50",0.844424242424242,0.799272727272727,0.808787878787879,0.81289696969697
"284","CIR","RandomForest","Relief100",0.801030303030303,0.789684848484848,0.800927272727273,0.798375757575758
"285","CIR","RandomForest","Relief50",0.806363636363636,0.77329696969697,0.817072727272727,0.766969696969697
"286","CIR","RandomForest","RF100",0.834290909090909,0.747472727272727,0.810024242424242,0.784969696969697
"287","CIR","RandomForest","RF50",0.828969696969697,0.747939393939394,0.803993939393939,0.79100606060606
"288","CIR","RandomForest","VAE",0.498036363636364,0.765115151515151,0.396606060606061,0.565454545454545
"289","CIR","SVM","AE100",0.501042424242424,0.760315151515152,0.762509090909091,0.78089696969697
"290","CIR","SVM","AE50",0.511272727272727,0.724824242424242,0.509260606060606,0.751721212121212
"291","CIR","SVM","LASSO",0.624266666666667,0.794787878787879,0.807430303030303,0.780884848484849
"292","CIR","SVM","MIFS100",0.697951515151515,0.727066666666667,0.750218181818182,0.700127272727273
"293","CIR","SVM","MIFS50",0.649593939393939,0.670084848484848,0.705660606060606,0.689030303030303
"294","CIR","SVM","mRMR100",0.730278787878788,0.798533333333333,0.778133333333333,0.818242424242424
"295","CIR","SVM","mRMR50",0.742109090909091,0.776436363636364,0.782048484848485,0.79609696969697
"296","CIR","SVM","Relief100",0.652666666666667,0.772812121212121,0.708266666666667,0.765806060606061
"297","CIR","SVM","Relief50",0.654666666666667,0.778339393939394,0.734230303030303,0.756715151515152
"298","CIR","SVM","RF100",0.705345454545455,0.752836363636364,0.778690909090909,0.784787878787879
"299","CIR","SVM","RF50",0.683939393939394,0.746860606060606,0.780715151515152,0.790036363636364
"300","CIR","SVM","VAE",0.513660606060606,0.673745454545455,0.709139393939394,0.531321212121212
"301","CRC1","Boosting","AE100",0.588823121095476,0.637841764652265,0.540315033339644,0.650336642757479
"302","CRC1","Boosting","AE50",0.620056000785287,0.646633754723993,0.597480651788281,0.607074125491681
"303","CRC1","Boosting","LASSO",0.657389221934751,0.682056687911487,0.635172083044109,0.646522194877404
"304","CRC1","Boosting","MIFS100",0.580335307068285,0.640796196966829,0.579203841596377,0.554317599545655
"305","CRC1","Boosting","MIFS50",0.555851780568351,0.629893789921682,0.559117961338634,0.560423956865302
"306","CRC1","Boosting","mRMR100",0.643064803713286,0.661523814532018,0.660593873358435,0.643275772491113
"307","CRC1","Boosting","mRMR50",0.635954190418095,0.660098974218745,0.668359447634673,0.633942975536905
"308","CRC1","Boosting","Relief100",0.657210793490531,0.671659017129074,0.660098777896973,0.634899255379567
"309","CRC1","Boosting","Relief50",0.644500536379125,0.669228869116482,0.64609696893208,0.622669415171466
"310","CRC1","Boosting","RF100",0.638359696542633,0.664283257258647,0.638359696542633,0.648175161089025
"311","CRC1","Boosting","RF50",0.635530075794227,0.660638852078557,0.635530075794227,0.63610128801105
"312","CRC1","Boosting","VAE",0.573619956108061,0.619413909397503,0.545687483785925,0.547337182642351
"313","CRC1","KNN","AE100",0.621123209440273,0.602419434453069,0.555533374701135,0.592112916570259
"314","CRC1","KNN","AE50",0.610092758531233,0.631706775905709,0.626134704781136,0.621797185587177
"315","CRC1","KNN","LASSO",0.595864166368678,0.62955641095756,0.633872681825512,0.626217927683473
"316","CRC1","KNN","MIFS100",0.55107924388072,0.606787443119272,0.570541420388016,0.530415174971779
"317","CRC1","KNN","MIFS50",0.558147381558374,0.609528778668237,0.565710825042244,0.518953538349355
"318","CRC1","KNN","mRMR100",0.583719305441619,0.640918175890284,0.650072653078395,0.63276619128752
"319","CRC1","KNN","mRMR50",0.574194453208809,0.658013458558578,0.653561893944174,0.634453573406814
"320","CRC1","KNN","Relief100",0.566904356239877,0.633680679133099,0.617959953864384,0.600799141793399
"321","CRC1","KNN","Relief50",0.582597564908886,0.634931406575377,0.617050230327507,0.606387689923785
"322","CRC1","KNN","RF100",0.60018446533869,0.629239021756659,0.642281609558066,0.622692731887564
"323","CRC1","KNN","RF50",0.577226250324282,0.637938544274065,0.628428917495776,0.619907763824909
"324","CRC1","KNN","VAE",0.542849091661233,0.633879458432371,0.535683487235579,0.576981591328187
"325","CRC1","LogisticRegression","AE100",0.617121410992617,0.667453783751569,0.560901285206453,0.670954425303072
"326","CRC1","LogisticRegression","AE50",0.596555373256768,0.681677204938895,0.585659963680472,0.665212195788898
"327","CRC1","LogisticRegression","LASSO",0.605758159623623,0.647012585627844,0.654662032070564,0.6535206523492
"328","CRC1","LogisticRegression","MIFS100",0.542442298927943,0.618885404177447,0.611205282457949,0.573175066433885
"329","CRC1","LogisticRegression","MIFS50",0.554695178898214,0.614396731242506,0.593771099331805,0.574665008448848
"330","CRC1","LogisticRegression","mRMR100",0.621012431375024,0.702202982688626,0.703111784214327,0.649425723761245
"331","CRC1","LogisticRegression","mRMR50",0.596955859153152,0.711208178204076,0.712017847752466,0.651848951431396
"332","CRC1","LogisticRegression","Relief100",0.589962909208192,0.684867868436367,0.662610083927557,0.655553732567678
"333","CRC1","LogisticRegression","Relief50",0.593146301788632,0.683046991018279,0.660126494324197,0.637529465794437
"334","CRC1","LogisticRegression","RF100",0.617876450502373,0.651718215154638,0.644081179052467,0.659048358259187
"335","CRC1","LogisticRegression","RF50",0.600199245563479,0.663920728073312,0.64632923161061,0.651678144478801
"336","CRC1","LogisticRegression","VAE",0.586759793301221,0.658378199869586,0.546199266597954,0.554617558177854
"337","CRC1","RandomForest","AE100",0.619255607440595,0.654610539674527,0.557014226316933,0.644588197555794
"338","CRC1","RandomForest","AE50",0.627099296747369,0.660098031173093,0.599507281434271,0.632548442397089
"339","CRC1","RandomForest","LASSO",0.678222337911838,0.6831815801098,0.688081645316674,0.673239544112801
"340","CRC1","RandomForest","MIFS100",0.593201366539759,0.679068057045498,0.597713058202394,0.560432738758826
"341","CRC1","RandomForest","MIFS50",0.582839496434656,0.672808165583391,0.580165769195712,0.555557129635473
"342","CRC1","RandomForest","mRMR100",0.687130284035534,0.691212819811671,0.694809003456665,0.671405134515471
"343","CRC1","RandomForest","mRMR50",0.669263923069912,0.699443073697791,0.696686460108117,0.664032876885215
"344","CRC1","RandomForest","Relief100",0.678275050307454,0.690044589582326,0.69021848860282,0.66739403181815
"345","CRC1","RandomForest","Relief50",0.684291436163872,0.695099731459863,0.672669951550592,0.651998152471901
"346","CRC1","RandomForest","RF100",0.680859675508158,0.690028547289007,0.680398778598122,0.67709635893229
"347","CRC1","RandomForest","RF50",0.67548435385597,0.688401516585684,0.676946779271225,0.663043327513795
"348","CRC1","RandomForest","VAE",0.603461510415571,0.650164422989279,0.538403781297547,0.577781406224803
"349","CRC1","SVM","AE100",0.656529623553003,0.657636236792102,0.546054275958296,0.649920093533301
"350","CRC1","SVM","AE50",0.649122445187663,0.689150855752578,0.582891518198327,0.663162845403616
"351","CRC1","SVM","LASSO",0.595185008729307,0.647217598143357,0.656586465717311,0.657819317361155
"352","CRC1","SVM","MIFS100",0.55050968637597,0.625641789893636,0.602511611030479,0.564288277486801
"353","CRC1","SVM","MIFS50",0.557428899967046,0.618442940479446,0.580963915357271,0.547514927466117
"354","CRC1","SVM","mRMR100",0.631141123801911,0.687359163669254,0.698256364681713,0.640580765374449
"355","CRC1","SVM","mRMR50",0.609232266184276,0.694543818318223,0.70226151111672,0.646380576765318
"356","CRC1","SVM","Relief100",0.570378305041964,0.66606512624191,0.665459617312776,0.646160657818164
"357","CRC1","SVM","Relief50",0.596172619423235,0.661015155339602,0.646058223428199,0.630130014093099
"358","CRC1","SVM","RF100",0.619812151616499,0.646687585452557,0.656179627409324,0.656652103798125
"359","CRC1","SVM","RF50",0.610329287702544,0.653153176556376,0.646668047930558,0.648617035821712
"360","CRC1","SVM","VAE",0.595637695182404,0.670477833168563,0.486749868534528,0.535434477608801
"361","CRC2","Boosting","AE100",0.747565656565656,0.710616161616161,0.69240404040404,0.707838383838384
"362","CRC2","Boosting","AE50",0.685060606060606,0.784929292929293,0.705525252525253,0.71040404040404
"363","CRC2","Boosting","LASSO",0.650814814814815,0.673218855218855,0.645737373737374,0.625097643097643
"364","CRC2","Boosting","MIFS100",0.624329966329966,0.659643097643098,0.629259259259259,0.610215488215488
"365","CRC2","Boosting","MIFS50",0.643272727272727,0.639784511784512,0.613245791245791,0.627673400673401
"366","CRC2","Boosting","mRMR100",0.631777777777778,0.662053872053872,0.668410774410774,0.670811447811448
"367","CRC2","Boosting","mRMR50",0.658491582491582,0.669461279461279,0.645851851851852,0.629316498316498
"368","CRC2","Boosting","Relief100",0.600942760942761,0.628498316498316,0.618410774410774,0.67576430976431
"369","CRC2","Boosting","Relief50",0.588249158249158,0.622518518518519,0.622612794612795,0.660414141414142
"370","CRC2","Boosting","RF100",0.701158249158249,0.672282828282828,0.632619528619529,0.634181818181818
"371","CRC2","Boosting","RF50",0.692707070707071,0.651023569023569,0.60250505050505,0.655771043771044
"372","CRC2","Boosting","VAE",0.557828282828283,0.617141414141414,0.615454545454545,0.664575757575757
"373","CRC2","KNN","AE100",0.719873737373737,0.713818181818182,0.690676767676768,0.642681818181818
"374","CRC2","KNN","AE50",0.702176767676768,0.807939393939394,0.63690404040404,0.722828282828283
"375","CRC2","KNN","LASSO",0.704316498316498,0.765454545454545,0.753043771043771,0.665861952861953
"376","CRC2","KNN","MIFS100",0.642744107744108,0.713205387205387,0.75162962962963,0.629087542087542
"377","CRC2","KNN","MIFS50",0.616545454545455,0.715824915824916,0.717646464646465,0.638006734006734
"378","CRC2","KNN","mRMR100",0.719501683501683,0.767457912457912,0.738208754208754,0.747387205387205
"379","CRC2","KNN","mRMR50",0.702700336700337,0.756400673400674,0.74162962962963,0.726111111111111
"380","CRC2","KNN","Relief100",0.754410774410774,0.741720538720539,0.730468013468014,0.739700336700337
"381","CRC2","KNN","Relief50",0.736868686868687,0.737784511784512,0.743723905723906,0.706801346801347
"382","CRC2","KNN","RF100",0.743457912457912,0.759299663299663,0.772185185185185,0.751127946127946
"383","CRC2","KNN","RF50",0.737484848484849,0.746292929292929,0.721427609427609,0.725417508417509
"384","CRC2","KNN","VAE",0.669464646464646,0.655015151515152,0.549757575757576,0.580459595959596
"385","CRC2","LogisticRegression","AE100",0.748060606060606,0.786232323232323,0.758707070707071,0.771919191919192
"386","CRC2","LogisticRegression","AE50",0.741565656565657,0.820616161616162,0.689747474747475,0.784464646464646
"387","CRC2","LogisticRegression","LASSO",0.728464646464646,0.760565656565657,0.782161616161616,0.683771043771044
"388","CRC2","LogisticRegression","MIFS100",0.671548821548822,0.755016835016835,0.756747474747475,0.687979797979798
"389","CRC2","LogisticRegression","MIFS50",0.644619528619529,0.740309764309764,0.724707070707071,0.696851851851852
"390","CRC2","LogisticRegression","mRMR100",0.746323232323232,0.757494949494949,0.781037037037037,0.746444444444444
"391","CRC2","LogisticRegression","mRMR50",0.723676767676768,0.750410774410774,0.766713804713805,0.754828282828283
"392","CRC2","LogisticRegression","Relief100",0.710606060606061,0.745245791245791,0.751616161616162,0.782215488215488
"393","CRC2","LogisticRegression","Relief50",0.71986531986532,0.724936026936027,0.740262626262626,0.75396632996633
"394","CRC2","LogisticRegression","RF100",0.750053872053872,0.779986531986532,0.776700336700337,0.747973063973064
"395","CRC2","LogisticRegression","RF50",0.742518518518519,0.745050505050505,0.742727272727273,0.729117845117845
"396","CRC2","LogisticRegression","VAE",0.616282828282828,0.718848484848485,0.547707070707071,0.662929292929293
"397","CRC2","RandomForest","AE100",0.761787878787879,0.751909090909091,0.748919191919192,0.741828282828283
"398","CRC2","RandomForest","AE50",0.730686868686869,0.812939393939394,0.708484848484849,0.72959595959596
"399","CRC2","RandomForest","LASSO",0.729208754208754,0.702296296296296,0.696498316498317,0.723094276094276
"400","CRC2","RandomForest","MIFS100",0.705441077441077,0.689589225589226,0.665454545454546,0.695558922558923
"401","CRC2","RandomForest","MIFS50",0.67579797979798,0.675845117845118,0.662023569023569,0.657164983164983
"402","CRC2","RandomForest","mRMR100",0.76659595959596,0.710286195286195,0.687057239057239,0.789195286195286
"403","CRC2","RandomForest","mRMR50",0.757090909090909,0.721272727272727,0.673585858585859,0.749656565656566
"404","CRC2","RandomForest","Relief100",0.766228956228956,0.697478114478114,0.702006734006734,0.80956228956229
"405","CRC2","RandomForest","Relief50",0.764242424242424,0.703845117845118,0.698680134680135,0.766006734006734
"406","CRC2","RandomForest","RF100",0.793737373737374,0.704329966329966,0.686259259259259,0.792579124579125
"407","CRC2","RandomForest","RF50",0.773063973063973,0.694350168350168,0.669158249158249,0.765299663299663
"408","CRC2","RandomForest","VAE",0.618919191919192,0.678888888888889,0.607353535353535,0.650656565656566
"409","CRC2","SVM","AE100",0.717121212121212,0.763606060606061,0.718343434343434,0.705040404040404
"410","CRC2","SVM","AE50",0.740015151515152,0.756484848484849,0.717717171717172,0.735666666666667
"411","CRC2","SVM","LASSO",0.722996632996633,0.691808080808081,0.73189898989899,0.652262626262626
"412","CRC2","SVM","MIFS100",0.64496632996633,0.739616161616162,0.674323232323232,0.664737373737374
"413","CRC2","SVM","MIFS50",0.610215488215488,0.736478114478115,0.691245791245791,0.648616161616162
"414","CRC2","SVM","mRMR100",0.670808080808081,0.681646464646465,0.67640404040404,0.755023569023569
"415","CRC2","SVM","mRMR50",0.646902356902357,0.696023569023569,0.669727272727273,0.69483164983165
"416","CRC2","SVM","Relief100",0.722020202020202,0.75216835016835,0.730367003367003,0.828107744107744
"417","CRC2","SVM","Relief50",0.745757575757576,0.755905723905724,0.692074074074074,0.708323232323232
"418","CRC2","SVM","RF100",0.746632996632997,0.76896632996633,0.698673400673401,0.719508417508417
"419","CRC2","SVM","RF50",0.71586531986532,0.734161616161616,0.692094276094276,0.697808080808081
"420","CRC2","SVM","VAE",0.606535353535353,0.662070707070707,0.471313131313131,0.638545454545454
"421","HIV","Boosting","AE100",0.740713210420984,0.740343942050546,0.641868834457964,0.689244460974443
"422","HIV","Boosting","AE50",0.705453659918885,0.692185147795902,0.561200432141402,0.673859341515683
"423","HIV","Boosting","LASSO",0.593180135664063,0.761817561943219,0.754017055416822,0.694786851566513
"424","HIV","Boosting","MIFS100",0.638457485432938,0.657035049501443,0.653828701981829,0.593214937215522
"425","HIV","Boosting","MIFS50",0.609791987673344,0.622607459752404,0.639747622336752,0.56804371889556
"426","HIV","Boosting","mRMR100",0.591384446451659,0.708622770663975,0.711021288277279,0.639187565308255
"427","HIV","Boosting","mRMR50",0.566320555053752,0.724909763916193,0.68540867470733,0.651802596390557
"428","HIV","Boosting","Relief100",0.664180525299754,0.666593742805023,0.479945451003312,0.646634610275756
"429","HIV","Boosting","Relief50",0.668574110479429,0.661965136461045,0.489497414235871,0.620637010077396
"430","HIV","Boosting","RF100",0.703475727467545,0.664125799195934,0.658644244903742,0.683866647184882
"431","HIV","Boosting","RF50",0.668458016754335,0.638455980022316,0.656076102934665,0.623690381311655
"432","HIV","Boosting","VAE",0.607955475266989,0.638245222535112,0.490328533730053,0.591361068310221
"433","HIV","KNN","AE100",0.669276871579619,0.676393301808264,0.651583249207446,0.711466358500257
"434","HIV","KNN","AE50",0.718810814161486,0.674304500292227,0.503974284044418,0.709042913058109
"435","HIV","KNN","LASSO",0.577674494801906,0.717331261179888,0.76020265483591,0.712199714857517
"436","HIV","KNN","MIFS100",0.654058188548253,0.676046924534651,0.665594504365691,0.656831641960222
"437","HIV","KNN","MIFS50",0.654314551121974,0.668417149283602,0.685379673414448,0.624938233887679
"438","HIV","KNN","mRMR100",0.556694029718577,0.65580300373696,0.692884720967713,0.662613968439509
"439","HIV","KNN","mRMR50",0.571903148964809,0.666720772895525,0.700308697731258,0.665838336609815
"440","HIV","KNN","Relief100",0.668035483413917,0.648308095567009,0.47913642562386,0.655967801923383
"441","HIV","KNN","Relief50",0.679487673343605,0.659110745089705,0.488202451162708,0.660752749588226
"442","HIV","KNN","RF100",0.580549076386306,0.663769858137187,0.624565113437118,0.639075235109718
"443","HIV","KNN","RF50",0.583425827533075,0.649135230150718,0.647813745284523,0.628626268529834
"444","HIV","KNN","VAE",0.602631280661672,0.643093441722898,0.485931849175566,0.654349308396649
"445","HIV","LogisticRegression","AE100",0.715096966154827,0.740448789472752,0.668028443405416,0.724509147583373
"446","HIV","LogisticRegression","AE50",0.650589589642775,0.707906416591396,0.668733506898323,0.69290632803783
"447","HIV","LogisticRegression","LASSO",0.654715787329756,0.83362972211891,0.801954642863468,0.70572383684891
"448","HIV","LogisticRegression","MIFS100",0.679428431007917,0.729947044967501,0.71949285372722,0.673565166569258
"449","HIV","LogisticRegression","MIFS50",0.695119237376689,0.719359049288915,0.717825390078458,0.647089554221349
"450","HIV","LogisticRegression","mRMR100",0.670447815383525,0.727022740555762,0.731529142978588,0.690908116819864
"451","HIV","LogisticRegression","mRMR50",0.667564909763916,0.736391176522678,0.732562828755114,0.705004073464038
"452","HIV","LogisticRegression","Relief100",0.718189788002763,0.693568088836937,0.543795095903512,0.699298921417565
"453","HIV","LogisticRegression","Relief50",0.725889963338824,0.698679666330163,0.531420664860174,0.702345916795069
"454","HIV","LogisticRegression","RF100",0.673277898800985,0.687251917184705,0.709857694419354,0.705625232453111
"455","HIV","LogisticRegression","RF50",0.659496705807343,0.686603882188336,0.704564139347892,0.690676416414289
"456","HIV","LogisticRegression","VAE",0.608839239856189,0.609156970051184,0.478398065990117,0.480855250340931
"457","HIV","RandomForest","AE100",0.712964507730726,0.693152506951455,0.627183996599543,0.681620707365886
"458","HIV","RandomForest","AE50",0.704211519047872,0.675957795370419,0.553412057453554,0.694214441315552
"459","HIV","RandomForest","LASSO",0.687173724385881,0.734644324601952,0.763296937817686,0.747356808883694
"460","HIV","RandomForest","MIFS100",0.705571746099215,0.689278155606326,0.692654924463808,0.667422692736837
"461","HIV","RandomForest","MIFS50",0.686550130173742,0.701526220710908,0.69092077997981,0.657902210297009
"462","HIV","RandomForest","mRMR100",0.696112941218143,0.712890122735243,0.7066162354108,0.708403866248694
"463","HIV","RandomForest","mRMR50",0.692162079591945,0.728102208525937,0.711561730690895,0.712255857818394
"464","HIV","RandomForest","Relief100",0.745840417618618,0.690580424348688,0.508661601402689,0.721289472752068
"465","HIV","RandomForest","Relief50",0.737711200255034,0.682192453465101,0.513697996918336,0.714536776295981
"466","HIV","RandomForest","RF100",0.710435860652109,0.678639772948657,0.703239776490799,0.709516940297186
"467","HIV","RandomForest","RF50",0.698933947895082,0.673416130917592,0.700196367532721,0.70836503550998
"468","HIV","RandomForest","VAE",0.522601969431309,0.667470910153552,0.544385615358731,0.679860616687034
"469","HIV","SVM","AE100",0.73196783734481,0.684013247613481,0.599196464941643,0.667571684111719
"470","HIV","SVM","AE50",0.669147583373182,0.665937516603794,0.563455537254485,0.585692754547226
"471","HIV","SVM","LASSO",0.634680365903335,0.797630572233144,0.805775463577918,0.707971769123143
"472","HIV","SVM","MIFS100",0.622175893948249,0.710556382055505,0.685259550502099,0.612711775853214
"473","HIV","SVM","MIFS50",0.582437126968103,0.683392221454758,0.656905052866479,0.574778483254521
"474","HIV","SVM","mRMR100",0.670858438269309,0.694817136886102,0.733540017356499,0.671585994367993
"475","HIV","SVM","mRMR50",0.656936799319909,0.69368298708889,0.714787471441475,0.675
"476","HIV","SVM","Relief100",0.66425978074137,0.664886828542585,0.484104812000779,0.679530931760622
"477","HIV","SVM","Relief50",0.649775959477888,0.642072419106317,0.520443919026619,0.671338265766962
"478","HIV","SVM","RF100",0.652622779519331,0.67713449515612,0.699638612896941,0.697662451516922
"479","HIV","SVM","RF50",0.654624665710288,0.672968404087633,0.670256539680853,0.682981554292191
"480","HIV","SVM","VAE",0.569518622814941,0.581490710730921,0.485825762003436,0.56786461930822
"481","IBD1","Boosting","AE100",0.624681318681319,0.723340659340659,0.582681318681319,0.58967032967033
"482","IBD1","Boosting","AE50",0.654901098901099,0.787208791208791,0.652461538461538,0.712857142857143
"483","IBD1","Boosting","LASSO",0.61889010989011,0.778098901098901,0.787,0.744318681318681
"484","IBD1","Boosting","MIFS100",0.636989010989011,0.722285714285714,0.718989010989011,0.746604395604396
"485","IBD1","Boosting","MIFS50",0.66271978021978,0.713840659340659,0.682120879120879,0.671401098901099
"486","IBD1","Boosting","mRMR100",0.72389010989011,0.784285714285714,0.773769230769231,0.79056043956044
"487","IBD1","Boosting","mRMR50",0.68271978021978,0.790912087912088,0.772153846153846,0.800263736263736
"488","IBD1","Boosting","Relief100",0.693351648351648,0.769010989010989,0.767912087912088,0.796637362637363
"489","IBD1","Boosting","Relief50",0.728351648351648,0.762384615384615,0.775285714285714,0.783593406593407
"490","IBD1","Boosting","RF100",0.750010989010989,0.771087912087912,0.747307692307692,0.780571428571428
"491","IBD1","Boosting","RF50",0.760648351648352,0.744285714285714,0.776989010989011,0.788521978021978
"492","IBD1","Boosting","VAE",0.647736263736264,0.697648351648352,0.62443956043956,0.651824175824176
"493","IBD1","KNN","AE100",0.68056043956044,0.724,0.582835164835165,0.706967032967033
"494","IBD1","KNN","AE50",0.68878021978022,0.725164835164835,0.64978021978022,0.691032967032967
"495","IBD1","KNN","LASSO",0.663813186813187,0.806247252747253,0.787153846153846,0.762423076923077
"496","IBD1","KNN","MIFS100",0.637549450549451,0.712708791208791,0.683703296703297,0.745736263736264
"497","IBD1","KNN","MIFS50",0.640153846153846,0.711774725274725,0.619324175824176,0.728576923076923
"498","IBD1","KNN","mRMR100",0.683247252747253,0.755807692307692,0.740225274725275,0.737785714285714
"499","IBD1","KNN","mRMR50",0.652615384615385,0.73132967032967,0.776758241758242,0.744120879120879
"500","IBD1","KNN","Relief100",0.633214285714286,0.722197802197802,0.660120879120879,0.74878021978022
"501","IBD1","KNN","Relief50",0.630357142857143,0.714565934065934,0.689884615384616,0.762917582417582
"502","IBD1","KNN","RF100",0.642203296703297,0.735071428571428,0.720104395604396,0.693576923076923
"503","IBD1","KNN","RF50",0.621252747252747,0.713087912087912,0.714857142857143,0.703675824175824
"504","IBD1","KNN","VAE",0.545835164835165,0.639824175824176,0.581263736263736,0.612395604395604
"505","IBD1","LogisticRegression","AE100",0.65,0.807714285714286,0.71145054945055,0.824153846153846
"506","IBD1","LogisticRegression","AE50",0.686813186813187,0.791076923076923,0.695164835164835,0.764527472527473
"507","IBD1","LogisticRegression","LASSO",0.726,0.865252747252747,0.833263736263736,0.795
"508","IBD1","LogisticRegression","MIFS100",0.682967032967033,0.761857142857143,0.764747252747253,0.76143956043956
"509","IBD1","LogisticRegression","MIFS50",0.670967032967033,0.751230769230769,0.684307692307692,0.762813186813187
"510","IBD1","LogisticRegression","mRMR100",0.743351648351648,0.822549450549451,0.787593406593406,0.810527472527472
"511","IBD1","LogisticRegression","mRMR50",0.76432967032967,0.818010989010989,0.775164835164835,0.805967032967033
"512","IBD1","LogisticRegression","Relief100",0.731703296703297,0.795956043956044,0.751142857142857,0.798461538461539
"513","IBD1","LogisticRegression","Relief50",0.758681318681319,0.806527472527473,0.727186813186813,0.797120879120879
"514","IBD1","LogisticRegression","RF100",0.667681318681319,0.784879120879121,0.780197802197802,0.805681318681319
"515","IBD1","LogisticRegression","RF50",0.705725274725275,0.794373626373626,0.726340659340659,0.814758241758242
"516","IBD1","LogisticRegression","VAE",0.581318681318681,0.714813186813187,0.668395604395604,0.654087912087912
"517","IBD1","RandomForest","AE100",0.684593406593407,0.683494505494506,0.655186813186813,0.706945054945055
"518","IBD1","RandomForest","AE50",0.720582417582418,0.744769230769231,0.689626373626374,0.726582417582418
"519","IBD1","RandomForest","LASSO",0.714087912087912,0.809791208791209,0.78810989010989,0.797032967032967
"520","IBD1","RandomForest","MIFS100",0.761131868131868,0.744538461538462,0.723076923076923,0.782648351648352
"521","IBD1","RandomForest","MIFS50",0.722489010989011,0.734505494505494,0.711802197802198,0.745873626373626
"522","IBD1","RandomForest","mRMR100",0.790703296703297,0.785208791208791,0.763648351648352,0.810087912087912
"523","IBD1","RandomForest","mRMR50",0.726098901098901,0.778895604395604,0.764010989010989,0.805395604395604
"524","IBD1","RandomForest","Relief100",0.764505494505494,0.776307692307692,0.759681318681319,0.80789010989011
"525","IBD1","RandomForest","Relief50",0.762472527472527,0.787302197802198,0.756087912087912,0.803384615384615
"526","IBD1","RandomForest","RF100",0.779263736263736,0.757527472527473,0.760692307692308,0.812659340659341
"527","IBD1","RandomForest","RF50",0.774494505494505,0.757098901098901,0.760879120879121,0.80128021978022
"528","IBD1","RandomForest","VAE",0.593142857142857,0.696879120879121,0.587054945054945,0.697428571428572
"529","IBD1","SVM","AE100",0.661934065934066,0.765912087912088,0.677912087912088,0.752846153846154
"530","IBD1","SVM","AE50",0.69810989010989,0.697098901098901,0.662659340659341,0.695494505494506
"531","IBD1","SVM","LASSO",0.680978021978022,0.852098901098901,0.826197802197802,0.80256043956044
"532","IBD1","SVM","MIFS100",0.626131868131868,0.745538461538461,0.737901098901099,0.751571428571429
"533","IBD1","SVM","MIFS50",0.662274725274725,0.760648351648352,0.686362637362637,0.734461538461538
"534","IBD1","SVM","mRMR100",0.732659340659341,0.786208791208791,0.80167032967033,0.816241758241758
"535","IBD1","SVM","mRMR50",0.755274725274725,0.79356043956044,0.800164835164835,0.804912087912088
"536","IBD1","SVM","Relief100",0.750989010989011,0.745802197802198,0.773549450549451,0.80078021978022
"537","IBD1","SVM","Relief50",0.760824175824176,0.754274725274725,0.749802197802198,0.793879120879121
"538","IBD1","SVM","RF100",0.685461538461538,0.793428571428571,0.783835164835165,0.81621978021978
"539","IBD1","SVM","RF50",0.69278021978022,0.785428571428571,0.769912087912088,0.804637362637363
"540","IBD1","SVM","VAE",0.498923076923077,0.684989010989011,0.614945054945055,0.651252747252747
"541","IBD2","Boosting","AE100",0.585242979242979,0.682625152625153,0.498542124542124,0.707455433455433
"542","IBD2","Boosting","AE50",0.62149938949939,0.64789010989011,0.601931623931624,0.652273504273504
"543","IBD2","Boosting","LASSO",0.643579975579976,0.643545787545788,0.64223199023199,0.642774114774115
"544","IBD2","Boosting","MIFS100",0.644781440781441,0.643355311355311,0.598800976800977,0.653152625152625
"545","IBD2","Boosting","MIFS50",0.614053724053724,0.670945054945055,0.589076923076923,0.638100122100122
"546","IBD2","Boosting","mRMR100",0.688732600732601,0.626422466422466,0.631098901098901,0.609484737484737
"547","IBD2","Boosting","mRMR50",0.670964590964591,0.613113553113553,0.631155067155067,0.598449328449328
"548","IBD2","Boosting","Relief100",0.653235653235653,0.591059829059829,0.597318681318681,0.61793894993895
"549","IBD2","Boosting","Relief50",0.67965811965812,0.589455433455433,0.58591452991453,0.604200244200244
"550","IBD2","Boosting","RF100",0.674246642246642,0.645333333333333,0.617421245421245,0.639047619047619
"551","IBD2","Boosting","RF50",0.680078144078144,0.647047619047619,0.649509157509157,0.63367032967033
"552","IBD2","Boosting","VAE",0.561982905982906,0.58749938949939,0.549931623931624,0.670586080586081
"553","IBD2","KNN","AE100",0.522494505494506,0.576667887667888,0.626766788766789,0.685098901098901
"554","IBD2","KNN","AE50",0.550245421245421,0.629177045177045,0.538711843711844,0.684428571428571
"555","IBD2","KNN","LASSO",0.614874236874237,0.663230769230769,0.651142857142857,0.667367521367521
"556","IBD2","KNN","MIFS100",0.608053724053724,0.677443223443224,0.652417582417583,0.6698778998779
"557","IBD2","KNN","MIFS50",0.586197802197802,0.646126984126984,0.6638778998779,0.654844932844933
"558","IBD2","KNN","mRMR100",0.615565323565324,0.707445665445666,0.658512820512821,0.647496947496948
"559","IBD2","KNN","mRMR50",0.644932844932845,0.689545787545788,0.670029304029304,0.60840293040293
"560","IBD2","KNN","Relief100",0.62019536019536,0.657672771672772,0.519873015873016,0.63352380952381
"561","IBD2","KNN","Relief50",0.628376068376068,0.667824175824176,0.607164835164835,0.633479853479854
"562","IBD2","KNN","RF100",0.650112332112332,0.660776556776557,0.592700854700855,0.650600732600733
"563","IBD2","KNN","RF50",0.654981684981685,0.689010989010989,0.636608058608059,0.657760683760684
"564","IBD2","KNN","VAE",0.52940293040293,0.601566544566545,0.4911221001221,0.624349206349206
"565","IBD2","LogisticRegression","AE100",0.542774114774115,0.619650793650794,0.478034188034188,0.697956043956044
"566","IBD2","LogisticRegression","AE50",0.552405372405372,0.641272283272283,0.619294261294261,0.746715506715507
"567","IBD2","LogisticRegression","LASSO",0.594275946275946,0.684200244200244,0.656778998778999,0.673484737484737
"568","IBD2","LogisticRegression","MIFS100",0.656708180708181,0.699787545787546,0.681587301587302,0.705074481074481
"569","IBD2","LogisticRegression","MIFS50",0.602691086691087,0.694234432234432,0.668517704517705,0.625799755799756
"570","IBD2","LogisticRegression","mRMR100",0.680112332112332,0.697919413919414,0.669025641025641,0.65960927960928
"571","IBD2","LogisticRegression","mRMR50",0.66990231990232,0.69609768009768,0.68404884004884,0.639377289377289
"572","IBD2","LogisticRegression","Relief100",0.63015873015873,0.678310134310134,0.626383394383394,0.672507936507936
"573","IBD2","LogisticRegression","Relief50",0.627179487179487,0.664708180708181,0.622168498168498,0.647179487179487
"574","IBD2","LogisticRegression","RF100",0.609689865689866,0.694168498168498,0.673455433455433,0.685323565323565
"575","IBD2","LogisticRegression","RF50",0.638021978021978,0.724019536019536,0.677455433455434,0.669030525030525
"576","IBD2","LogisticRegression","VAE",0.58768253968254,0.651150183150183,0.479477411477411,0.630920634920635
"577","IBD2","RandomForest","AE100",0.531142857142857,0.638517704517705,0.518442002442002,0.709434676434676
"578","IBD2","RandomForest","AE50",0.60402442002442,0.693704517704518,0.591365079365079,0.718986568986569
"579","IBD2","RandomForest","LASSO",0.636901098901099,0.651194139194139,0.62364590964591,0.671445665445665
"580","IBD2","RandomForest","MIFS100",0.674078144078144,0.655411477411478,0.588593406593407,0.697916971916972
"581","IBD2","RandomForest","MIFS50",0.632100122100122,0.659575091575092,0.600358974358974,0.639159951159951
"582","IBD2","RandomForest","mRMR100",0.710503052503053,0.626153846153846,0.631028083028083,0.676840048840049
"583","IBD2","RandomForest","mRMR50",0.678361416361416,0.627189255189255,0.628395604395604,0.655157509157509
"584","IBD2","RandomForest","Relief100",0.674261294261294,0.648608058608059,0.628210012210012,0.686466422466422
"585","IBD2","RandomForest","Relief50",0.656141636141636,0.638608058608059,0.61384126984127,0.682571428571428
"586","IBD2","RandomForest","RF100",0.681894993894994,0.649794871794872,0.626967032967033,0.682842490842491
"587","IBD2","RandomForest","RF50",0.695526251526252,0.647091575091575,0.651724053724054,0.679323565323565
"588","IBD2","RandomForest","VAE",0.505020757020757,0.662129426129426,0.521998778998779,0.65856043956044
"589","IBD2","SVM","AE100",0.584424908424908,0.633367521367521,0.439084249084249,0.711023199023199
"590","IBD2","SVM","AE50",0.607426129426129,0.685594627594628,0.585279609279609,0.733916971916972
"591","IBD2","SVM","LASSO",0.570976800976801,0.688019536019536,0.653501831501832,0.684754578754579
"592","IBD2","SVM","MIFS100",0.502700854700855,0.704503052503052,0.670632478632479,0.684798534798535
"593","IBD2","SVM","MIFS50",0.558190476190476,0.68581684981685,0.660859584859585,0.607653235653236
"594","IBD2","SVM","mRMR100",0.651072039072039,0.684117216117216,0.665929181929182,0.663760683760684
"595","IBD2","SVM","mRMR50",0.636258852258852,0.673763125763126,0.649978021978022,0.633213675213675
"596","IBD2","SVM","Relief100",0.634774114774115,0.694180708180708,0.675032967032967,0.666324786324786
"597","IBD2","SVM","Relief50",0.614578754578755,0.704063492063492,0.678510378510379,0.668918192918193
"598","IBD2","SVM","RF100",0.566666666666667,0.707286935286935,0.662688644688645,0.689147741147741
"599","IBD2","SVM","RF50",0.610095238095238,0.715667887667888,0.700605616605617,0.662720390720391
"600","IBD2","SVM","VAE",0.532263736263736,0.636703296703297,0.491528693528693,0.621802197802198
"601","MHE","Boosting","AE100",0.592484848484849,0.637793939393939,0.670763636363636,0.563369696969697
"602","MHE","Boosting","AE50",0.518763636363636,0.631030303030303,0.754618181818182,0.688072727272728
"603","MHE","Boosting","LASSO",0.711975757575758,0.7164,0.726739393939394,0.664557575757576
"604","MHE","Boosting","MIFS100",0.66050303030303,0.718242424242424,0.741981818181818,0.648787878787879
"605","MHE","Boosting","MIFS50",0.594775757575758,0.706327272727273,0.74510303030303,0.697527272727273
"606","MHE","Boosting","mRMR100",0.717436363636364,0.753448484848485,0.747806060606061,0.687666666666667
"607","MHE","Boosting","mRMR50",0.714563636363637,0.706745454545455,0.750842424242424,0.708884848484848
"608","MHE","Boosting","Relief100",0.72769696969697,0.760351515151515,0.743472727272727,0.666157575757576
"609","MHE","Boosting","Relief50",0.725575757575758,0.747618181818182,0.741806060606061,0.669678787878788
"610","MHE","Boosting","RF100",0.697927272727273,0.7374,0.741430303030303,0.693684848484849
"611","MHE","Boosting","RF50",0.680242424242424,0.716660606060606,0.739866666666667,0.691424242424242
"612","MHE","Boosting","VAE",0.598812121212121,0.636436363636364,0.5288,0.670327272727273
"613","MHE","KNN","AE100",0.532618181818182,0.570727272727273,0.75830303030303,0.627212121212121
"614","MHE","KNN","AE50",0.546581818181818,0.588860606060606,0.770181818181818,0.74649696969697
"615","MHE","KNN","LASSO",0.578933333333333,0.715381818181818,0.718654545454546,0.757569696969697
"616","MHE","KNN","MIFS100",0.509739393939394,0.702109090909091,0.777030303030303,0.620636363636364
"617","MHE","KNN","MIFS50",0.569933333333333,0.72209696969697,0.762169696969697,0.711690909090909
"618","MHE","KNN","mRMR100",0.575739393939394,0.494169696969697,0.782375757575758,0.716557575757576
"619","MHE","KNN","mRMR50",0.562606060606061,0.499363636363636,0.76199393939394,0.7394
"620","MHE","KNN","Relief100",0.604060606060606,0.484218181818182,0.621672727272727,0.624678787878788
"621","MHE","KNN","Relief50",0.622060606060606,0.435684848484849,0.666624242424243,0.628490909090909
"622","MHE","KNN","RF100",0.605672727272727,0.676715151515151,0.762351515151515,0.736363636363636
"623","MHE","KNN","RF50",0.649618181818182,0.664909090909091,0.771272727272727,0.667866666666667
"624","MHE","KNN","VAE",0.470363636363636,0.769757575757576,0.562,0.687721212121212
"625","MHE","LogisticRegression","AE100",0.647612121212121,0.688387878787879,0.714375757575758,0.754012121212121
"626","MHE","LogisticRegression","AE50",0.58809696969697,0.652339393939394,0.7648,0.731175757575758
"627","MHE","LogisticRegression","LASSO",0.589854545454545,0.719054545454546,0.7164,0.748424242424242
"628","MHE","LogisticRegression","MIFS100",0.63950303030303,0.715709090909091,0.766121212121212,0.674412121212121
"629","MHE","LogisticRegression","MIFS50",0.613448484848485,0.710957575757576,0.760472727272727,0.739260606060606
"630","MHE","LogisticRegression","mRMR100",0.659466666666667,0.76510303030303,0.759781818181818,0.77510303030303
"631","MHE","LogisticRegression","mRMR50",0.674533333333333,0.718254545454545,0.745781818181818,0.758969696969697
"632","MHE","LogisticRegression","Relief100",0.606606060606061,0.4604,0.72329696969697,0.673115151515152
"633","MHE","LogisticRegression","Relief50",0.590909090909091,0.456593939393939,0.729187878787879,0.667539393939394
"634","MHE","LogisticRegression","RF100",0.762230303030303,0.697345454545454,0.748,0.762593939393939
"635","MHE","LogisticRegression","RF50",0.723769696969697,0.688775757575758,0.737660606060606,0.723987878787879
"636","MHE","LogisticRegression","VAE",0.528775757575758,0.677090909090909,0.651490909090909,0.655975757575758
"637","MHE","RandomForest","AE100",0.5476,0.729515151515152,0.748133333333333,0.678448484848485
"638","MHE","RandomForest","AE50",0.501890909090909,0.66620606060606,0.782424242424242,0.787612121212121
"639","MHE","RandomForest","LASSO",0.718448484848485,0.765945454545454,0.761509090909091,0.762860606060606
"640","MHE","RandomForest","MIFS100",0.669539393939394,0.759454545454545,0.759824242424242,0.640042424242424
"641","MHE","RandomForest","MIFS50",0.660921212121212,0.761830303030303,0.780490909090909,0.709327272727273
"642","MHE","RandomForest","mRMR100",0.730545454545454,0.737260606060606,0.771315151515152,0.766606060606061
"643","MHE","RandomForest","mRMR50",0.687563636363636,0.755230303030303,0.791472727272727,0.758593939393939
"644","MHE","RandomForest","Relief100",0.708848484848485,0.765836363636364,0.7432,0.61110303030303
"645","MHE","RandomForest","Relief50",0.709090909090909,0.758563636363636,0.738139393939394,0.634569696969697
"646","MHE","RandomForest","RF100",0.755090909090909,0.737321212121212,0.734260606060606,0.753733333333333
"647","MHE","RandomForest","RF50",0.701769696969697,0.742909090909091,0.755612121212121,0.726884848484848
"648","MHE","RandomForest","VAE",0.588751515151515,0.722278787878788,0.54030303030303,0.697563636363636
"649","MHE","SVM","AE100",0.447575757575758,0.761212121212121,0.704121212121212,0.756606060606061
"650","MHE","SVM","AE50",0.490884848484848,0.738981818181818,0.634484848484848,0.809890909090909
"651","MHE","SVM","LASSO",0.620775757575758,0.728521212121212,0.717975757575758,0.72969696969697
"652","MHE","SVM","MIFS100",0.564436363636364,0.746133333333333,0.787854545454545,0.667806060606061
"653","MHE","SVM","MIFS50",0.531078787878788,0.748763636363637,0.794036363636364,0.671351515151515
"654","MHE","SVM","mRMR100",0.641975757575758,0.689466666666667,0.743066666666667,0.7568
"655","MHE","SVM","mRMR50",0.650848484848485,0.66849696969697,0.738424242424242,0.741151515151515
"656","MHE","SVM","Relief100",0.417757575757576,0.448963636363636,0.69820606060606,0.606848484848485
"657","MHE","SVM","Relief50",0.586242424242424,0.460327272727273,0.674678787878788,0.642581818181818
"658","MHE","SVM","RF100",0.610375757575758,0.676787878787879,0.739127272727273,0.735951515151515
"659","MHE","SVM","RF50",0.594,0.723866666666667,0.731624242424243,0.722072727272727
"660","MHE","SVM","VAE",0.484109090909091,0.7916,0.445842424242424,0.719927272727273
"661","OB","Boosting","AE100",0.822983682983683,0.835168997668998,0.724871794871795,0.795428321678322
"662","OB","Boosting","AE50",0.754026806526806,0.858502331002331,0.665728438228438,0.836416083916084
"663","OB","Boosting","LASSO",0.751282051282051,0.81520979020979,0.806555944055944,0.840128205128205
"664","OB","Boosting","MIFS100",0.701322843822844,0.715110722610723,0.779685314685315,0.706625874125874
"665","OB","Boosting","MIFS50",0.669108391608392,0.686981351981352,0.744542540792541,0.669335664335664
"666","OB","Boosting","mRMR100",0.758863636363636,0.828595571095571,0.812092074592075,0.822170745920746
"667","OB","Boosting","mRMR50",0.723624708624709,0.806078088578089,0.802427156177156,0.791684149184149
"668","OB","Boosting","Relief100",0.694434731934732,0.776095571095571,0.762485431235431,0.785547785547785
"669","OB","Boosting","Relief50",0.690064102564103,0.777674825174825,0.756987179487179,0.759128787878788
"670","OB","Boosting","RF100",0.754568764568765,0.779481351981352,0.773170163170163,0.769047202797203
"671","OB","Boosting","RF50",0.738697552447553,0.752144522144522,0.753604312354312,0.735212703962704
"672","OB","Boosting","VAE",0.592202797202797,0.801223776223776,0.587162004662005,0.753094405594405
"673","OB","KNN","AE100",0.767502913752914,0.846115967365967,0.726535547785548,0.799125874125874
"674","OB","KNN","AE50",0.692298951048951,0.82590034965035,0.68881993006993,0.763945221445221
"675","OB","KNN","LASSO",0.658254662004662,0.839769813519814,0.829108391608392,0.824195804195804
"676","OB","KNN","MIFS100",0.634527972027972,0.727497086247086,0.709274475524476,0.687333916083916
"677","OB","KNN","MIFS50",0.631748251748252,0.693339160839161,0.70659965034965,0.631025641025641
"678","OB","KNN","mRMR100",0.647156177156177,0.778767482517483,0.833895687645688,0.766066433566434
"679","OB","KNN","mRMR50",0.654061771561771,0.762587412587413,0.812974941724942,0.763429487179487
"680","OB","KNN","Relief100",0.607867132867133,0.720743006993007,0.679230769230769,0.730180652680653
"681","OB","KNN","Relief50",0.611698717948718,0.716879370629371,0.717459207459208,0.722351398601399
"682","OB","KNN","RF100",0.656736596736597,0.72472027972028,0.722840909090909,0.681821095571096
"683","OB","KNN","RF50",0.638175990675991,0.721037296037296,0.723132284382284,0.735661421911422
"684","OB","KNN","VAE",0.541188811188811,0.771107226107226,0.532776806526806,0.674012237762238
"685","OB","LogisticRegression","AE100",0.753805361305361,0.906013986013986,0.812517482517483,0.871899766899767
"686","OB","LogisticRegression","AE50",0.705780885780886,0.858898601398602,0.695687645687646,0.859271561771562
"687","OB","LogisticRegression","LASSO",0.806404428904429,0.864970862470863,0.83768648018648,0.849155011655012
"688","OB","LogisticRegression","MIFS100",0.684554195804196,0.796733682983683,0.810084498834499,0.768598484848485
"689","OB","LogisticRegression","MIFS50",0.690259324009324,0.741655011655012,0.781602564102564,0.697660256410257
"690","OB","LogisticRegression","mRMR100",0.803018648018648,0.879096736596737,0.845681818181818,0.887435897435897
"691","OB","LogisticRegression","mRMR50",0.754443473193473,0.852913752913753,0.837316433566433,0.847532051282051
"692","OB","LogisticRegression","Relief100",0.721416083916084,0.780506993006993,0.780104895104895,0.786381118881119
"693","OB","LogisticRegression","Relief50",0.723251748251748,0.781655011655012,0.749982517482517,0.765635198135198
"694","OB","LogisticRegression","RF100",0.770017482517483,0.803461538461538,0.778123543123543,0.822182400932401
"695","OB","LogisticRegression","RF50",0.742552447552448,0.771759906759907,0.758234265734266,0.799991258741259
"696","OB","LogisticRegression","VAE",0.537913752913753,0.86708041958042,0.564160839160839,0.74002331002331
"697","OB","RandomForest","AE100",0.786751165501166,0.813208041958042,0.740378787878788,0.774612470862471
"698","OB","RandomForest","AE50",0.747129953379953,0.858347902097902,0.680626456876457,0.807159090909091
"699","OB","RandomForest","LASSO",0.818356643356643,0.822561188811189,0.820142773892774,0.876019813519814
"700","OB","RandomForest","MIFS100",0.743397435897436,0.693173076923077,0.716445221445221,0.776136363636364
"701","OB","RandomForest","MIFS50",0.72238344988345,0.678481934731935,0.68858682983683,0.689399766899767
"702","OB","RandomForest","mRMR100",0.829198717948718,0.817534965034965,0.803310023310023,0.86960372960373
"703","OB","RandomForest","mRMR50",0.772674825174825,0.798557692307692,0.791331585081585,0.841643356643357
"704","OB","RandomForest","Relief100",0.751850233100233,0.769061771561771,0.767564102564103,0.788817016317016
"705","OB","RandomForest","Relief50",0.756031468531469,0.76323717948718,0.742400932400932,0.772112470862471
"706","OB","RandomForest","RF100",0.814726107226107,0.780961538461538,0.761934731934732,0.835894522144522
"707","OB","RandomForest","RF50",0.78618006993007,0.75861013986014,0.760075757575758,0.806206293706294
"708","OB","RandomForest","VAE",0.53488344988345,0.805757575757576,0.568910256410256,0.735402097902098
"709","OB","SVM","AE100",0.794498834498834,0.904364801864802,0.813100233100233,0.868205128205128
"710","OB","SVM","AE50",0.712814685314685,0.894469696969697,0.711008158508159,0.877039627039627
"711","OB","SVM","LASSO",0.748012820512821,0.908869463869464,0.881975524475525,0.867610722610723
"712","OB","SVM","MIFS100",0.690096153846154,0.817121212121212,0.811002331002331,0.754752331002331
"713","OB","SVM","MIFS50",0.663196386946387,0.754382284382284,0.776398601398602,0.68375
"714","OB","SVM","mRMR100",0.805559440559441,0.883572261072261,0.873356643356643,0.884079254079254
"715","OB","SVM","mRMR50",0.772765151515151,0.835681818181818,0.859761072261072,0.842899184149184
"716","OB","SVM","Relief100",0.720716783216783,0.803245920745921,0.834434731934732,0.791302447552448
"717","OB","SVM","Relief50",0.711684149184149,0.806512237762238,0.807622377622378,0.76701048951049
"718","OB","SVM","RF100",0.762791375291375,0.830087412587413,0.816404428904429,0.823484848484849
"719","OB","SVM","RF50",0.746631701631702,0.795075757575758,0.799554195804196,0.802462121212121
"720","OB","SVM","VAE",0.520687645687646,0.853974358974359,0.545553613053613,0.747674825174825
"721","PAR1","Boosting","AE100",0.558531519274376,0.599638095238095,0.590828117913832,0.556169614512472
"722","PAR1","Boosting","AE50",0.535553741496599,0.586884353741497,0.573419501133787,0.604107936507936
"723","PAR1","Boosting","LASSO",0.683288888888889,0.664203174603175,0.714666666666667,0.59471746031746
"724","PAR1","Boosting","MIFS100",0.548050793650794,0.636368253968254,0.631111111111111,0.552939682539683
"725","PAR1","Boosting","MIFS50",0.558844444444444,0.617244444444444,0.622603174603175,0.546139682539682
"726","PAR1","Boosting","mRMR100",0.673942857142857,0.660850793650794,0.693663492063492,0.60855873015873
"727","PAR1","Boosting","mRMR50",0.651911111111111,0.647746031746032,0.666565079365079,0.638196825396825
"728","PAR1","Boosting","Relief100",0.667365079365079,0.647352380952381,0.694196825396825,0.576711111111111
"729","PAR1","Boosting","Relief50",0.666222222222222,0.648990476190476,0.67888253968254,0.56671746031746
"730","PAR1","Boosting","RF100",0.662349206349206,0.642031746031746,0.708419047619048,0.594628571428572
"731","PAR1","Boosting","RF50",0.662539682539683,0.647561904761905,0.696165079365079,0.607466666666667
"732","PAR1","Boosting","VAE",0.474374603174603,0.561061224489796,0.48028843537415,0.537912925170068
"733","PAR1","KNN","AE100",0.59757641723356,0.585561451247166,0.651746485260771,0.561193650793651
"734","PAR1","KNN","AE50",0.549303854875283,0.584812244897959,0.634856689342404,0.580979591836735
"735","PAR1","KNN","LASSO",0.607701587301587,0.644603174603175,0.640190476190476,0.596355555555556
"736","PAR1","KNN","MIFS100",0.499098412698413,0.612914285714286,0.58,0.509949206349206
"737","PAR1","KNN","MIFS50",0.516634920634921,0.590393650793651,0.605619047619048,0.53791746031746
"738","PAR1","KNN","mRMR100",0.600514285714286,0.6596,0.655676190476191,0.607269841269841
"739","PAR1","KNN","mRMR50",0.61167619047619,0.666311111111111,0.673155555555556,0.629206349206349
"740","PAR1","KNN","Relief100",0.687650793650794,0.627434920634921,0.660330158730159,0.551130158730159
"741","PAR1","KNN","Relief50",0.698793650793651,0.634152380952381,0.652368253968254,0.579466666666667
"742","PAR1","KNN","RF100",0.606761904761905,0.622304761904762,0.619574603174603,0.592165079365079
"743","PAR1","KNN","RF50",0.616946031746032,0.625339682539683,0.626965079365079,0.615809523809524
"744","PAR1","KNN","VAE",0.443691609977324,0.519428117913832,0.4894,0.56834693877551
"745","PAR1","LogisticRegression","AE100",0.626474376417233,0.645877551020408,0.614327437641723,0.611305215419501
"746","PAR1","LogisticRegression","AE50",0.586424489795918,0.663560997732426,0.638253968253968,0.67511201814059
"747","PAR1","LogisticRegression","LASSO",0.613803174603175,0.67871746031746,0.674946031746032,0.616292063492063
"748","PAR1","LogisticRegression","MIFS100",0.541180952380952,0.62271746031746,0.606355555555556,0.566812698412698
"749","PAR1","LogisticRegression","MIFS50",0.549733333333333,0.598069841269841,0.596380952380952,0.518374603174603
"750","PAR1","LogisticRegression","mRMR100",0.694653968253968,0.729307936507936,0.723073015873016,0.649765079365079
"751","PAR1","LogisticRegression","mRMR50",0.696126984126984,0.713028571428571,0.714793650793651,0.663593650793651
"752","PAR1","LogisticRegression","Relief100",0.719238095238095,0.700152380952381,0.683619047619048,0.621219047619048
"753","PAR1","LogisticRegression","Relief50",0.708063492063492,0.6888,0.700939682539683,0.619403174603175
"754","PAR1","LogisticRegression","RF100",0.608622222222222,0.65224126984127,0.664126984126984,0.636444444444444
"755","PAR1","LogisticRegression","RF50",0.630450793650794,0.643231746031746,0.667212698412698,0.619492063492063
"756","PAR1","LogisticRegression","VAE",0.438563265306122,0.634086167800453,0.516442630385488,0.585003174603175
"757","PAR1","RandomForest","AE100",0.571648072562358,0.537832199546485,0.628690249433107,0.531185487528345
"758","PAR1","RandomForest","AE50",0.575665306122449,0.590992290249433,0.639870294784581,0.64572380952381
"759","PAR1","RandomForest","LASSO",0.695314285714286,0.668634920634921,0.682457142857143,0.604590476190476
"760","PAR1","RandomForest","MIFS100",0.536863492063492,0.645295238095238,0.648704761904762,0.571752380952381
"761","PAR1","RandomForest","MIFS50",0.572952380952381,0.645142857142857,0.651492063492064,0.533320634920635
"762","PAR1","RandomForest","mRMR100",0.689752380952381,0.669765079365079,0.659695238095238,0.652
"763","PAR1","RandomForest","mRMR50",0.677346031746032,0.658577777777778,0.658907936507936,0.64615873015873
"764","PAR1","RandomForest","Relief100",0.727238095238095,0.667009523809524,0.697625396825397,0.630438095238095
"765","PAR1","RandomForest","Relief50",0.731142857142857,0.666120634920635,0.695028571428572,0.617688888888889
"766","PAR1","RandomForest","RF100",0.695003174603175,0.656177777777778,0.679130158730159,0.647390476190476
"767","PAR1","RandomForest","RF50",0.685320634920635,0.660546031746032,0.682133333333333,0.628926984126984
"768","PAR1","RandomForest","VAE",0.484033560090703,0.660025396825397,0.494483446712018,0.605765986394558
"769","PAR1","SVM","AE100",0.510802721088435,0.597832653061225,0.501606802721088,0.430677551020408
"770","PAR1","SVM","AE50",0.422872562358277,0.598692063492063,0.574333333333333,0.624250340136054
"771","PAR1","SVM","LASSO",0.567707936507937,0.593479365079365,0.612292063492064,0.488063492063492
"772","PAR1","SVM","MIFS100",0.509968253968254,0.534844444444444,0.512552380952381,0.485225396825397
"773","PAR1","SVM","MIFS50",0.505314285714286,0.51992380952381,0.537371428571429,0.504831746031746
"774","PAR1","SVM","mRMR100",0.572628571428571,0.542704761904762,0.544349206349206,0.483784126984127
"775","PAR1","SVM","mRMR50",0.562361904761905,0.537688888888889,0.568863492063492,0.478704761904762
"776","PAR1","SVM","Relief100",0.578666666666667,0.604698412698413,0.588863492063492,0.483098412698413
"777","PAR1","SVM","Relief50",0.608190476190476,0.57607619047619,0.587301587301587,0.494419047619048
"778","PAR1","SVM","RF100",0.569130158730159,0.569015873015873,0.567733333333333,0.489206349206349
"779","PAR1","SVM","RF50",0.593422222222222,0.532038095238095,0.543631746031746,0.498387301587302
"780","PAR1","SVM","VAE",0.577246258503401,0.39658231292517,0.496750566893424,0.489937414965986
"781","PAR2","Boosting","AE100",0.594310854005976,0.705930998540755,0.623136821624627,0.68539121673268
"782","PAR2","Boosting","AE50",0.603672573135988,0.721443610589952,0.516901674657772,0.742197762490445
"783","PAR2","Boosting","LASSO",0.711384233201306,0.718923563338198,0.731189701897019,0.698936349107081
"784","PAR2","Boosting","MIFS100",0.590849940935307,0.675058474046279,0.669547877145438,0.581297564450003
"785","PAR2","Boosting","MIFS50",0.557866809116809,0.649991279271767,0.664505246334515,0.531530922104093
"786","PAR2","Boosting","mRMR100",0.698260944340212,0.713799006323397,0.744996247654784,0.712838093252727
"787","PAR2","Boosting","mRMR50",0.659900389132096,0.692397783336808,0.7250370022931,0.702746212910847
"788","PAR2","Boosting","Relief100",0.697961920644848,0.710905531234799,0.662698665832812,0.663896532555069
"789","PAR2","Boosting","Relief50",0.690186053783615,0.711655131679522,0.663693488986172,0.611654506288653
"790","PAR2","Boosting","RF100",0.730069939545549,0.718633242999097,0.713771002710027,0.715627232297964
"791","PAR2","Boosting","RF50",0.724317594329789,0.716994475713988,0.703688729066778,0.708307518588006
"792","PAR2","Boosting","VAE",0.490023278437913,0.703819123063025,0.552169168230144,0.643949864498645
"793","PAR2","KNN","AE100",0.582104370787297,0.637822979640053,0.591266503370162,0.661311566256688
"794","PAR2","KNN","AE50",0.57714455215065,0.648091602390383,0.563667587381002,0.682431571815718
"795","PAR2","KNN","LASSO",0.534574907928566,0.69236112848308,0.709384146341463,0.720892120075047
"796","PAR2","KNN","MIFS100",0.611765408936141,0.641505541657981,0.672855378361476,0.557219546939059
"797","PAR2","KNN","MIFS50",0.588544941282746,0.635867486623584,0.675664495170593,0.535657945938434
"798","PAR2","KNN","mRMR100",0.5578164825238,0.694479553192968,0.730627614481273,0.707782572441109
"799","PAR2","KNN","mRMR50",0.607902456396359,0.692113022027656,0.718283510527413,0.68943414286707
"800","PAR2","KNN","Relief100",0.644775641025641,0.69008745048989,0.673637742338962,0.650454676533945
"801","PAR2","KNN","Relief50",0.620676638176638,0.694028385796678,0.700309933291641,0.660127145438121
"802","PAR2","KNN","RF100",0.649102581474533,0.709463518865958,0.698961555833507,0.711015374192204
"803","PAR2","KNN","RF50",0.636709071641998,0.685901848377458,0.71639331874088,0.711583437565145
"804","PAR2","KNN","VAE",0.53398125564589,0.687179608783267,0.557555781391147,0.61839220693489
"805","PAR2","LogisticRegression","AE100",0.634315162254187,0.752940935306789,0.652549614342297,0.750468348273226
"806","PAR2","LogisticRegression","AE50",0.638760162601626,0.729146654158849,0.652391112500869,0.763684698770065
"807","PAR2","LogisticRegression","LASSO",0.630756306024599,0.748035959974984,0.747138906260858,0.737499687304565
"808","PAR2","LogisticRegression","MIFS100",0.615906226113543,0.696395177541519,0.690714891251477,0.581145247029393
"809","PAR2","LogisticRegression","MIFS50",0.581655270655271,0.663830727538045,0.68915454103259,0.544497515808491
"810","PAR2","LogisticRegression","mRMR100",0.668378813147106,0.721944791883816,0.75410989507331,0.744549058439302
"811","PAR2","LogisticRegression","mRMR50",0.648558022375096,0.721250260579529,0.734692550899868,0.728382565492322
"812","PAR2","LogisticRegression","Relief100",0.628072927524147,0.686135153915642,0.688198179417692,0.685817698561601
"813","PAR2","LogisticRegression","Relief50",0.651392710721979,0.675413261760823,0.687773017858384,0.681265930095198
"814","PAR2","LogisticRegression","RF100",0.64915429782503,0.732755819609478,0.731240219581683,0.742843791258425
"815","PAR2","LogisticRegression","RF50",0.661249600444722,0.715152282676673,0.716929052880272,0.717161003404906
"816","PAR2","LogisticRegression","VAE",0.544852442498784,0.719675005211591,0.551607706205267,0.649255194218609
"817","PAR2","RandomForest","AE100",0.630294472239594,0.722968747828504,0.629535734139393,0.722715151831006
"818","PAR2","RandomForest","AE50",0.614729448961156,0.724354266555486,0.540100340490584,0.738805051768466
"819","PAR2","RandomForest","LASSO",0.729240705996803,0.724721284135918,0.715776196928636,0.745012559933292
"820","PAR2","RandomForest","MIFS100",0.643450872072823,0.665030366201098,0.67490565283858,0.577904471544715
"821","PAR2","RandomForest","MIFS50",0.593836130220276,0.661316413035925,0.67767045375582,0.532763081092349
"822","PAR2","RandomForest","mRMR100",0.720851764992009,0.705966298380933,0.718571885206031,0.727867938294768
"823","PAR2","RandomForest","mRMR50",0.692843252727399,0.707189649781113,0.708173962893475,0.723545740393301
"824","PAR2","RandomForest","Relief100",0.705560419706761,0.756719790146619,0.689653255506914,0.691929122368147
"825","PAR2","RandomForest","Relief50",0.705790077131541,0.750588770759502,0.697668820790772,0.680884615384615
"826","PAR2","RandomForest","RF100",0.736555017024529,0.744639670627475,0.705925786950177,0.738335921756654
"827","PAR2","RandomForest","RF50",0.724688746438746,0.748048450420402,0.708902300048641,0.727254985754986
"828","PAR2","RandomForest","VAE",0.534061809464249,0.71879193593218,0.510816256688208,0.672471127788201
"829","PAR2","SVM","AE100",0.608160169550413,0.775089118198874,0.640530400945035,0.75706203529984
"830","PAR2","SVM","AE50",0.615707855604197,0.759090820651796,0.626834948926412,0.769672659995831
"831","PAR2","SVM","LASSO",0.557202244458342,0.744533649503162,0.745438155791814,0.740190883190883
"832","PAR2","SVM","MIFS100",0.574611684386075,0.686230491279272,0.682423789173789,0.551305138628309
"833","PAR2","SVM","MIFS50",0.562363195747342,0.655150927663123,0.675822232645403,0.533834097699951
"834","PAR2","SVM","mRMR100",0.642639722743381,0.714040129247446,0.753778993815579,0.734486832047808
"835","PAR2","SVM","mRMR50",0.633513828086999,0.694184177611007,0.741819366270586,0.724092922659996
"836","PAR2","SVM","Relief100",0.64318462928219,0.679159439927733,0.696665242165242,0.676823535543048
"837","PAR2","SVM","Relief50",0.6392205197693,0.676712563407685,0.697921635049684,0.661353172121465
"838","PAR2","SVM","RF100",0.637921582933778,0.726817472726009,0.721421860885275,0.729454138002918
"839","PAR2","SVM","RF50",0.647403863525815,0.708888263498019,0.715518101591272,0.715487631158363
"840","PAR2","SVM","VAE",0.508510058369814,0.735431589187687,0.55531967896602,0.656735390174414
"841","PAR3","Boosting","AE100",0.582578381265881,0.730919337606838,0.659695823227073,0.690804400554401
"842","PAR3","Boosting","AE50",0.583309691903442,0.726147176022176,0.641404604123354,0.718172975860476
"843","PAR3","Boosting","LASSO",0.739075796950797,0.746829204204204,0.760791118041118,0.746416868791869
"844","PAR3","Boosting","MIFS100",0.583310536498037,0.73578387040887,0.73063782051282,0.580355971355971
"845","PAR3","Boosting","MIFS50",0.566838242088242,0.712765217140217,0.717619975744976,0.547644606144606
"846","PAR3","Boosting","mRMR100",0.689334257334257,0.743347568722569,0.77034881034881,0.735412306537306
"847","PAR3","Boosting","mRMR50",0.642668803418803,0.730469276969277,0.766281156156156,0.720717631092631
"848","PAR3","Boosting","Relief100",0.692118993993994,0.711947996072996,0.631116943866944,0.723736197736198
"849","PAR3","Boosting","Relief50",0.689613796488797,0.715296950796951,0.63395610995611,0.693878205128205
"850","PAR3","Boosting","RF100",0.767142122892123,0.76238834026334,0.75773382998383,0.744215378840379
"851","PAR3","Boosting","RF50",0.74435908985909,0.763834488334488,0.744217977592978,0.717732848232848
"852","PAR3","Boosting","VAE",0.540923993705244,0.743832019519519,0.558850831600832,0.66590028008778
"853","PAR3","KNN","AE100",0.565328478719104,0.68820071032571,0.652758106664357,0.684829182547932
"854","PAR3","KNN","AE50",0.568095092688843,0.680784812456688,0.627375501703627,0.714867102679603
"855","PAR3","KNN","LASSO",0.542923827673828,0.712059973434973,0.724348593786094,0.719837996650497
"856","PAR3","KNN","MIFS100",0.586392469392469,0.715228531416031,0.71493326980827,0.552833925271425
"857","PAR3","KNN","MIFS50",0.581428187803188,0.694808024370524,0.697668846731347,0.539880558443058
"858","PAR3","KNN","mRMR100",0.596820224070224,0.734538374913375,0.758708506583507,0.722351409101409
"859","PAR3","KNN","mRMR50",0.634333044583045,0.724711451836452,0.759968944906445,0.712629042504043
"860","PAR3","KNN","Relief100",0.647936662624163,0.684133532571033,0.669002367752368,0.71624127974128
"861","PAR3","KNN","Relief50",0.661315618503118,0.689063178563179,0.678663706976207,0.676945931508432
"862","PAR3","KNN","RF100",0.655934338184338,0.743452543890044,0.744572360822361,0.725751761376762
"863","PAR3","KNN","RF50",0.658117232617233,0.729188481750982,0.729674563987064,0.718719305844306
"864","PAR3","KNN","VAE",0.532718396280896,0.674210708304458,0.594959870928621,0.655470143220143
"865","PAR3","LogisticRegression","AE100",0.659948847886348,0.756869845807346,0.697682591245091,0.748608714483715
"866","PAR3","LogisticRegression","AE50",0.67153773966274,0.740333521021021,0.660525063525064,0.762347474878725
"867","PAR3","LogisticRegression","LASSO",0.633160588473088,0.759629706629707,0.77963758951259,0.755611428736429
"868","PAR3","LogisticRegression","MIFS100",0.578436965811966,0.748248094248094,0.737463761838762,0.599499047124047
"869","PAR3","LogisticRegression","MIFS50",0.576349142411642,0.720635597135597,0.712711365211365,0.56004235966736
"870","PAR3","LogisticRegression","mRMR100",0.685121563871564,0.780436994686995,0.786399774774775,0.756166175791176
"871","PAR3","LogisticRegression","mRMR50",0.67184574959575,0.772374971124971,0.790083853083853,0.737143985331485
"872","PAR3","LogisticRegression","Relief100",0.664970547470547,0.714694675444675,0.696420218295218,0.734334834834835
"873","PAR3","LogisticRegression","Relief50",0.663454175329175,0.708128984753985,0.698493907368907,0.703720720720721
"874","PAR3","LogisticRegression","RF100",0.684439968814969,0.772205734580735,0.774481462231462,0.757788779163779
"875","PAR3","LogisticRegression","RF50",0.693535776160776,0.761451114576115,0.762675213675214,0.742251357126357
"876","PAR3","LogisticRegression","VAE",0.531877295564796,0.697308811215061,0.598693332755833,0.674269663894664
"877","PAR3","RandomForest","AE100",0.599249011030261,0.730724503349503,0.664015549203049,0.701793229527604
"878","PAR3","RandomForest","AE50",0.58386999018249,0.741371953684454,0.654156228343728,0.724754172441673
"879","PAR3","RandomForest","LASSO",0.758372588935089,0.75287320974821,0.744216375028875,0.768025482212982
"880","PAR3","RandomForest","MIFS100",0.617071364633865,0.749990052552553,0.731782181219681,0.607243575306075
"881","PAR3","RandomForest","MIFS50",0.627138109263109,0.737972510972511,0.730307822245322,0.54936575999076
"882","PAR3","RandomForest","mRMR100",0.720387575075075,0.762495307807808,0.757327125202125,0.757817206629707
"883","PAR3","RandomForest","mRMR50",0.69841876010626,0.750853401478401,0.758559482559482,0.743685623123123
"884","PAR3","RandomForest","Relief100",0.712168514668515,0.736784245784246,0.666058168745669,0.734165425040425
"885","PAR3","RandomForest","Relief50",0.712598030723031,0.73571252021252,0.671950334950335,0.711195296257796
"886","PAR3","RandomForest","RF100",0.780597713097713,0.774185608685609,0.750311965811966,0.766388961076461
"887","PAR3","RandomForest","RF50",0.775343468468468,0.77448935955186,0.746431320743821,0.755596327096327
"888","PAR3","RandomForest","VAE",0.549791118041118,0.721872209950335,0.602773291320166,0.690022342053592
"889","PAR3","SVM","AE100",0.624631070974821,0.755411216504966,0.692297048250173,0.756787104412104
"890","PAR3","SVM","AE50",0.645180865962116,0.761338386463386,0.670944596038346,0.742775417244167
"891","PAR3","SVM","LASSO",0.589009326634327,0.752796806421806,0.777117145992146,0.749967833217833
"892","PAR3","SVM","MIFS100",0.547597713097713,0.745192278817279,0.743995351120351,0.591818924693925
"893","PAR3","SVM","MIFS50",0.523278153153153,0.723135409447909,0.718080763455763,0.545449223261723
"894","PAR3","SVM","mRMR100",0.653027864402864,0.766923813236313,0.782227650727651,0.752183356433357
"895","PAR3","SVM","mRMR50",0.645643451143451,0.764505428505429,0.782804602679603,0.742240269115269
"896","PAR3","SVM","Relief100",0.639520602333102,0.708392469392469,0.696819083506584,0.726342948717949
"897","PAR3","SVM","Relief50",0.688287061099561,0.712073010510511,0.699376963501964,0.70932674982675
"898","PAR3","SVM","RF100",0.628533264033264,0.776765116077616,0.763775294525295,0.75609894028644
"899","PAR3","SVM","RF50",0.641034101409101,0.769080994455994,0.752434742434742,0.740056248556249
"900","PAR3","SVM","VAE",0.524799982674983,0.70212006958882,0.62520398042273,0.680026207698083
