,Dataset,Model,AUC,AUC Std. Dev.,Accuracy,Time,FS_Method
0,CRC1,RandomForest,0.627099296747369,0.0556483663781643,0.6090098119847752,6.963221044540405,AE50
1,CRC1,Boosting,0.620056000785287,0.0524949858291764,0.5845185709397785,3.767104530334473,AE50
2,CRC1,KNN,0.6100927585312327,0.0537550765918655,0.5887459488637692,0.2645391178131103,AE50
3,CRC1,LogisticRegression,0.5965553732567679,0.0604393513397045,0.5542382376255719,0.2053461360931396,AE50
4,CRC1,SVM,0.6491224451876626,0.0532265173329352,0.6098225256988143,0.399649429321289,AE50
10,CRC2,RandomForest,0.7306868686868687,0.1034351848529538,0.6576363636363637,5.282584228515625,AE50
11,CRC2,Boosting,0.685060606060606,0.1108992396868716,0.6383636363636365,1.7986035346984863,AE50
12,CRC2,KNN,0.7021767676767677,0.1102774700284603,0.6521818181818182,0.1885027980804443,AE50
13,CRC2,LogisticRegression,0.7415656565656567,0.1271625103975502,0.7083636363636364,0.1773996925354004,AE50
14,CRC2,SVM,0.7400151515151515,0.1271767711867091,0.6489090909090909,0.1706781196594238,AE50
15,CD1,RandomForest,0.7446709401709402,0.1000081044112558,0.6999945265462507,5.42465612411499,AE50
16,CD1,Boosting,0.7129946581196581,0.0950043433684783,0.650295566502463,2.06896409034729,AE50
17,CD1,KNN,0.7141559829059829,0.0926970823828471,0.6510144134282065,0.1871827316284179,AE50
18,CD1,LogisticRegression,0.7075299145299146,0.097820692201577,0.6667998540412334,0.175079231262207,AE50
19,CD1,SVM,0.6894647435897435,0.1340310982784216,0.6651103813172778,0.1952439785003662,AE50
20,CD2,RandomForest,0.6825814536340852,0.0946024735381167,0.6482392473118278,5.542922477722168,AE50
21,CD2,Boosting,0.6821778805989333,0.0780117191196218,0.6421004398826979,2.073784885406494,AE50
22,CD2,KNN,0.6593866075445023,0.112571212900097,0.6028494623655913,0.1914025592803955,AE50
23,CD2,LogisticRegression,0.6962251783304416,0.091652670724181,0.6310373900293255,0.1754195117950439,AE50
24,CD2,SVM,0.6944624381466487,0.118362772430236,0.6494538123167156,0.2162891483306884,AE50
25,PAR1,RandomForest,0.575665306122449,0.0892285683571027,0.5348571428571429,5.466145782470703,AE50
26,PAR1,Boosting,0.5355537414965986,0.0798292429816703,0.5163809523809524,2.037376575469971,AE50
27,PAR1,KNN,0.5493038548752834,0.0787372275999376,0.5361904761904761,0.1941039371490478,AE50
28,PAR1,LogisticRegression,0.5864244897959184,0.0797011764477917,0.5523809523809524,0.1730189323425293,AE50
29,PAR1,SVM,0.4228725623582767,0.0815298767782858,0.5372380952380953,0.1903627395629882,AE50
30,PAR2,RandomForest,0.6147294489611563,0.0704568357383773,0.6136345012903397,6.1759843921661375,AE50
31,PAR2,Boosting,0.6036725731359877,0.0624056957655081,0.615016628089499,2.9328573513031007,AE50
32,PAR2,KNN,0.5771445521506496,0.074278544106514,0.6040279884002447,0.2272907924652099,AE50
33,PAR2,LogisticRegression,0.638760162601626,0.0732281938792649,0.6136262537579482,0.1952242851257324,AE50
34,PAR2,SVM,0.615707855604197,0.0619083690089763,0.6149272354803522,0.319671459197998,AE50
35,PAR3,RandomForest,0.5838699901824902,0.0579132643067737,0.6225919627256843,7.18945167541504,AE50
36,PAR3,Boosting,0.583309691903442,0.0418341885223237,0.6036002329644728,4.206823034286499,AE50
37,PAR3,KNN,0.5680950926888427,0.0451993244731494,0.615070316443409,0.2642192840576172,AE50
38,PAR3,LogisticRegression,0.6715377396627398,0.0412609923570246,0.6726966414288488,0.2311715698242187,AE50
39,PAR3,SVM,0.645180865962116,0.0501260191975335,0.6343368666278393,0.5245174312591553,AE50
40,HIV,RandomForest,0.704211519047872,0.0691119596289072,0.8371976788265826,6.092245769500733,AE50
41,HIV,Boosting,0.705453659918885,0.0605579445542592,0.8234157408217421,2.6430724334716795,AE50
42,HIV,KNN,0.7188108141614862,0.080512166418802,0.7971094975651009,0.2341326236724853,AE50
43,HIV,LogisticRegression,0.6505895896427749,0.0672114343928493,0.8354751115387979,0.1887225341796875,AE50
44,HIV,SVM,0.6691475833731824,0.0698119929199578,0.7880298603213484,0.2831432342529297,AE50
45,CDI,RandomForest,0.7721766967020726,0.0510486700175145,0.7317468805704098,6.194388723373413,AE50
46,CDI,Boosting,0.7768300214822772,0.0602056397409028,0.7490730837789661,2.8401768970489503,AE50
47,CDI,KNN,0.745301000517166,0.0638765472427009,0.7352762923351159,0.2336126708984375,AE50
48,CDI,LogisticRegression,0.8005828559493975,0.0646928145240808,0.7602495543672014,0.2130475902557373,AE50
49,CDI,SVM,0.7650109649122808,0.0664439542646034,0.7395008912655971,0.2949059295654297,AE50
50,OB,RandomForest,0.7471299533799535,0.0664781810737997,0.7922556390977445,5.936210651397705,AE50
51,OB,Boosting,0.7540268065268064,0.0741843423659447,0.7894360902255638,2.627129020690918,AE50
52,OB,KNN,0.6922989510489511,0.0636846354459056,0.7717042606516291,0.2201695251464843,AE50
53,OB,LogisticRegression,0.7057808857808858,0.0786540613874299,0.7572556390977444,0.1950037860870361,AE50
54,OB,SVM,0.7128146853146853,0.0959853213427413,0.7594862155388471,0.2853837585449219,AE50
55,CIR,RandomForest,0.4650545454545454,0.1736894354347279,0.6174117647058823,5.185842638015747,AE50
56,CIR,Boosting,0.6033939393939395,0.1798119617761736,0.6257254901960784,1.765235652923584,AE50
57,CIR,KNN,0.4329333333333334,0.1213878641121879,0.5887058823529412,0.1828810882568359,AE50
58,CIR,LogisticRegression,0.5343272727272727,0.1039745508171632,0.6061176470588235,0.1750791645050048,AE50
59,CIR,SVM,0.5112727272727272,0.1872318872797181,0.6174117647058823,0.1623562908172607,AE50
60,IBD1,RandomForest,0.7205824175824176,0.1249503686036061,0.7584520123839009,5.253777809143067,AE50
61,IBD1,Boosting,0.6549010989010989,0.1439366583709389,0.6974544203646371,1.7656357383728027,AE50
62,IBD1,KNN,0.6887802197802197,0.1322966864101914,0.7196078431372548,0.1898424911499023,AE50
63,IBD1,LogisticRegression,0.6868131868131868,0.1037957316974492,0.7167595459236327,0.1729186344146728,AE50
64,IBD1,SVM,0.69810989010989,0.0995503815602128,0.7447265221878225,0.1638366222381591,AE50
65,IBD2,RandomForest,0.60402442002442,0.1140829433235522,0.5988208168642951,5.361761999130249,AE50
66,IBD2,Boosting,0.6214993894993895,0.1403325176888041,0.5966930171277997,1.941195116043091,AE50
67,IBD2,KNN,0.5502454212454212,0.1222481863180593,0.5191897233201581,0.1872021007537841,AE50
68,IBD2,LogisticRegression,0.5524053724053725,0.1095563443059513,0.5884782608695652,0.1766796588897705,AE50
69,IBD2,SVM,0.6074261294261294,0.1116224369225148,0.579756258234519,0.1779596328735351,AE50
70,MHE,RandomForest,0.501890909090909,0.1758321530387448,0.6417254901960784,5.194404315948487,AE50
71,MHE,Boosting,0.5187636363636363,0.1933522536576451,0.5836862745098039,1.7797190570831298,AE50
72,MHE,KNN,0.5465818181818182,0.1519064406855848,0.6363921568627451,0.1833211612701416,AE50
73,MHE,LogisticRegression,0.5880969696969697,0.1478259100691991,0.6570980392156862,0.1739190864562988,AE50
74,MHE,SVM,0.4908848484848485,0.2143103303295256,0.6707450980392157,0.1601957416534424,AE50
75,ART,RandomForest,0.5820043572984749,0.1185979565255202,0.7299736495388669,5.326513986587525,AE50
76,ART,Boosting,0.5498169934640523,0.140663366362063,0.7123978919631093,2.0046493434906005,AE50
77,ART,KNN,0.5665708061002179,0.1104181607319705,0.7140909090909092,0.1884020137786865,AE50
78,ART,LogisticRegression,0.5132331154684097,0.1277971542884842,0.7205797101449276,0.1841212940216064,AE50
79,ART,SVM,0.524,0.1586838363463668,0.7463372859025033,0.1772792243957519,AE50
0,CRC1,RandomForest,0.619255607440595,0.0553575044903941,0.5930405251760186,7.442621126174926,AE100
1,CRC1,Boosting,0.5888231210954755,0.0524444648630211,0.573155455246766,5.208134880065918,AE100
2,CRC1,KNN,0.6211232094402726,0.0461258038153855,0.5972435059622099,0.3164719867706299,AE100
3,CRC1,LogisticRegression,0.617121410992617,0.0491289427925924,0.5873091529645286,0.271300573348999,AE100
4,CRC1,SVM,0.6565296235530034,0.0533716119421003,0.6185017437152931,0.4308971214294433,AE100
10,CRC2,RandomForest,0.7617878787878787,0.1161674289279057,0.7009090909090909,5.216916837692261,AE100
11,CRC2,Boosting,0.7475656565656564,0.1147678545709205,0.6945454545454546,2.3292049884796144,AE100
12,CRC2,KNN,0.7198737373737374,0.1148890882624426,0.658909090909091,0.1958043384552002,AE100
13,CRC2,LogisticRegression,0.7480606060606061,0.1219536183642764,0.7027272727272726,0.1877223968505859,AE100
14,CRC2,SVM,0.7171212121212122,0.1371688534533937,0.6250909090909091,0.1893626499176025,AE100
15,CD1,RandomForest,0.7186773504273505,0.1024053574517641,0.6690439700784527,5.385006313323975,AE100
16,CD1,Boosting,0.7014017094017094,0.105377587718242,0.6349151614668855,2.5879838275909424,AE100
17,CD1,KNN,0.6904540598290599,0.0953933790044652,0.6624539317642767,0.2032859897613525,AE100
18,CD1,LogisticRegression,0.7194113247863249,0.0948923303985682,0.6578544061302682,0.2076468467712402,AE100
19,CD1,SVM,0.6925405982905982,0.1384951234745337,0.6445210727969349,0.2190894126892089,AE100
20,CD2,RandomForest,0.6959764796606901,0.0919340647212912,0.6674731182795699,5.502442293167114,AE100
21,CD2,Boosting,0.668570785939207,0.0963264578867635,0.6096896383186705,2.618630495071411,AE100
22,CD2,KNN,0.6698113874429664,0.1159806771691239,0.6312414467253177,0.2075267601013183,AE100
23,CD2,LogisticRegression,0.7543737549000709,0.0794249433826916,0.6844024926686216,0.1988045310974121,AE100
24,CD2,SVM,0.7299383073067284,0.077656090270841,0.6433174486803519,0.2286513996124267,AE100
25,PAR1,RandomForest,0.5716480725623583,0.0847256982832771,0.5433333333333333,5.465713663101196,AE100
26,PAR1,Boosting,0.5585315192743764,0.085508870292921,0.5461904761904761,2.551855936050415,AE100
27,PAR1,KNN,0.5975764172335601,0.0775773601872472,0.5406666666666665,0.2093673229217529,AE100
28,PAR1,LogisticRegression,0.6264743764172335,0.0800297966219144,0.5786666666666667,0.1840812969207763,AE100
29,PAR1,SVM,0.5108027210884354,0.12894324876826,0.559047619047619,0.2147282695770263,AE100
30,PAR2,RandomForest,0.6302944722395942,0.0738401289308701,0.6215486737435816,6.297180786132812,AE100
31,PAR2,Boosting,0.5943108540059759,0.0709922053490653,0.5885034719450873,4.023655643463135,AE100
32,PAR2,KNN,0.5821043707872975,0.0572737614935805,0.5891534307074254,0.3639627838134766,AE100
33,PAR2,LogisticRegression,0.6343151622541866,0.0712093978146222,0.6118258972517093,0.2461353874206543,AE100
34,PAR2,SVM,0.6081601695504134,0.0655252498100173,0.6010684545188495,0.3778051948547363,AE100
35,PAR3,RandomForest,0.5992490110302611,0.0672533203688319,0.6355094544748592,7.485766973495483,AE100
36,PAR3,Boosting,0.5825783812658814,0.048523782964323,0.5940909337992623,5.834859209060669,AE100
37,PAR3,KNN,0.5653284787191037,0.0621892087800508,0.6150778489613667,0.3239130401611328,AE100
38,PAR3,LogisticRegression,0.6599488478863479,0.0466365618313457,0.6541049893224617,0.3101099014282226,AE100
39,PAR3,SVM,0.624631070974821,0.0523651070766101,0.6296036497767424,0.5441627407073975,AE100
40,HIV,RandomForest,0.7129645077307264,0.0775887782096594,0.8371976788265826,6.303285646438599,AE100
41,HIV,Boosting,0.7407132104209837,0.0758150562385476,0.8338008339894439,3.2272032070159917,AE100
42,HIV,KNN,0.6692768715796186,0.0877006975757377,0.767920100312017,0.2551374053955078,AE100
43,HIV,LogisticRegression,0.7150969661548271,0.0662590728525256,0.8252282389992126,0.2095669651031494,AE100
44,HIV,SVM,0.7319678373448099,0.0868425008423586,0.8239795876709531,0.3449379539489746,AE100
45,CDI,RandomForest,0.7727804630624179,0.0595479324324009,0.7311764705882353,6.4334722518920895,AE100
46,CDI,Boosting,0.7767189799896567,0.0621316636895849,0.7383957219251337,3.693987321853638,AE100
47,CDI,KNN,0.7417153996101365,0.0612951924042348,0.7352762923351159,0.2568187236785889,AE100
48,CDI,LogisticRegression,0.8046962147432072,0.0607024931766611,0.7633689839572193,0.265939884185791,AE100
49,CDI,SVM,0.7740067430480964,0.0719827901228817,0.7418894830659536,0.3633218669891357,AE100
50,OB,RandomForest,0.7867511655011655,0.0689986322028465,0.7922180451127819,6.07937123298645,AE100
51,OB,Boosting,0.8229836829836831,0.0657965987587001,0.8185588972431078,3.223657932281494,AE100
52,OB,KNN,0.767502913752914,0.0768660928298537,0.7965162907268172,0.2472157955169677,AE100
53,OB,LogisticRegression,0.7538053613053612,0.0556989507308079,0.7487468671679197,0.2185056209564209,AE100
54,OB,SVM,0.7944988344988344,0.0790688188486199,0.8107644110275689,0.3136109161376953,AE100
55,CIR,RandomForest,0.4328363636363636,0.1891752896421806,0.6461176470588235,5.164560546875,AE100
56,CIR,Boosting,0.5691878787878788,0.1921899641823554,0.6235294117647059,2.279554319381714,AE100
57,CIR,KNN,0.4549212121212121,0.1495727930554413,0.5916862745098039,0.1846014499664306,AE100
58,CIR,LogisticRegression,0.5023272727272727,0.144354393007392,0.6010980392156863,0.1867219448089599,AE100
59,CIR,SVM,0.5010424242424242,0.2072823332879495,0.6307450980392156,0.1736389064788818,AE100
60,IBD1,RandomForest,0.6845934065934065,0.1285942949516776,0.7736842105263158,5.137799320220947,AE100
61,IBD1,Boosting,0.6246813186813187,0.1324383203860496,0.7314688682490541,2.3192031478881834,AE100
62,IBD1,KNN,0.6805604395604395,0.1076328407242272,0.7006673546611626,0.1889229583740234,AE100
63,IBD1,LogisticRegression,0.6500000000000001,0.1057199971041751,0.7232060543515653,0.1849219799041748,AE100
64,IBD1,SVM,0.6619340659340659,0.1619452544129676,0.7270244238046095,0.1769599342346191,AE100
65,IBD2,RandomForest,0.5311428571428572,0.1156165177003579,0.5661989459815546,5.293554735183716,AE100
66,IBD2,Boosting,0.5852429792429793,0.0927632862772445,0.5805072463768116,2.445471935272217,AE100
67,IBD2,KNN,0.5224945054945056,0.135078314349813,0.5296508563899868,0.197044506072998,AE100
68,IBD2,LogisticRegression,0.5427741147741147,0.1075350933833624,0.580737812911726,0.1860419368743896,AE100
69,IBD2,SVM,0.5844249084249085,0.1445022661360138,0.6120882740447958,0.202125072479248,AE100
70,MHE,RandomForest,0.5476000000000001,0.164384907893234,0.644078431372549,5.10839282989502,AE100
71,MHE,Boosting,0.5924848484848485,0.1504232168548537,0.6367058823529411,2.2773139762878416,AE100
72,MHE,KNN,0.5326181818181818,0.1273747896687522,0.6574117647058823,0.1878821849822998,AE100
73,MHE,LogisticRegression,0.6476121212121213,0.1431380262035723,0.6781176470588235,0.1835213947296142,AE100
74,MHE,SVM,0.4475757575757575,0.2077239108540369,0.6523921568627451,0.174479055404663,AE100
75,ART,RandomForest,0.5886165577342047,0.1340685866261941,0.7401910408432147,5.243503313064576,AE100
76,ART,Boosting,0.6226623093681917,0.1283847272365045,0.717411067193676,2.4741783809661864,AE100
77,ART,KNN,0.5737363834422659,0.1049664950122706,0.7176416337285904,0.1978845119476318,AE100
78,ART,LogisticRegression,0.5229760348583878,0.123681991738994,0.7242160737812913,0.1930035495758056,AE100
79,ART,SVM,0.524392156862745,0.1790664370293257,0.7394400527009224,0.1900824451446533,AE100
0,CRC1,RandomForest,0.6034615104155712,0.056062838959497,0.5755602734689627,6.900848836898804,VAE
1,CRC1,Boosting,0.5736199561080612,0.0508823692072449,0.5583745725719216,3.627732105255127,VAE
2,CRC1,KNN,0.5428490916612327,0.0475068121732996,0.5419856889959983,0.2732716083526611,VAE
3,CRC1,LogisticRegression,0.5867597933012206,0.0459241325358203,0.5603778581098169,0.2002670764923095,VAE
4,CRC1,SVM,0.595637695182404,0.0689602816508267,0.5486867836794199,0.4116731071472168,VAE
10,CRC2,RandomForest,0.618919191919192,0.1191009951092631,0.6085454545454546,5.182544755935669,VAE
11,CRC2,Boosting,0.5578282828282828,0.1121180953247742,0.5329090909090909,1.8088137912750244,VAE
12,CRC2,KNN,0.6694646464646464,0.1150349161581681,0.5809090909090908,0.1876855182647705,VAE
13,CRC2,LogisticRegression,0.6162828282828283,0.1208466527389836,0.5767272727272728,0.1709889411926269,VAE
14,CRC2,SVM,0.6065353535353535,0.1301699719983061,0.5752727272727273,0.1708942985534668,VAE
15,CD1,RandomForest,0.6667927350427351,0.0931738130350779,0.6280824667031564,5.336084709167481,VAE
16,CD1,Boosting,0.5510737179487181,0.103915852162101,0.5460062032475826,1.9878419971466064,VAE
17,CD1,KNN,0.5794198717948719,0.1029079245657785,0.5197044334975369,0.1874908447265625,VAE
18,CD1,LogisticRegression,0.620909188034188,0.0868159069041811,0.5659806604634191,0.1765769004821777,VAE
19,CD1,SVM,0.6460865384615385,0.1598971680161751,0.5646506112023354,0.188047399520874,VAE
20,CD2,RandomForest,0.6312325686009896,0.0660705579246659,0.6071566471163244,5.425766830444336,VAE
21,CD2,Boosting,0.574295353769038,0.0896037769022158,0.5570197947214076,2.119192132949829,VAE
22,CD2,KNN,0.6098743654006812,0.0933863646178821,0.5983516617790812,0.1950359916687011,VAE
23,CD2,LogisticRegression,0.5895366621682411,0.0848147783673153,0.5637988758553274,0.1815444087982177,VAE
24,CD2,SVM,0.6916547779705674,0.0520600427983057,0.5998863636363637,0.204352912902832,VAE
25,PAR1,RandomForest,0.4840335600907029,0.0731773899309629,0.487047619047619,5.345286588668824,VAE
26,PAR1,Boosting,0.4743746031746031,0.0764767701542041,0.488,2.1490194320678717,VAE
27,PAR1,KNN,0.4436916099773242,0.0904043713270964,0.4611428571428572,0.1905536556243896,VAE
28,PAR1,LogisticRegression,0.4385632653061225,0.090923547810364,0.4691428571428572,0.1736145877838134,VAE
29,PAR1,SVM,0.5772462585034013,0.0764272624625486,0.4584761904761905,0.1906786632537842,VAE
30,PAR2,RandomForest,0.5340618094642485,0.0767133739388627,0.5886447441934711,6.156518039703369,VAE
31,PAR2,Boosting,0.4900232784379126,0.0709128141546528,0.530413174767872,2.832422285079956,VAE
32,PAR2,KNN,0.5339812556458898,0.0584549432665494,0.5862037406550137,0.2360738468170166,VAE
33,PAR2,LogisticRegression,0.544852442498784,0.0733649523813509,0.5947505786575146,0.1857426834106445,VAE
34,PAR2,SVM,0.5085100583698144,0.0862177839325136,0.5975938489371324,0.3085468959808349,VAE
35,PAR3,RandomForest,0.549791118041118,0.0680796978916928,0.6241171034750534,6.97408522605896,VAE
36,PAR3,Boosting,0.5409239937052437,0.0536682687576139,0.587443680838672,3.743415365219116,VAE
37,PAR3,KNN,0.5327183962808962,0.0534827001527309,0.6031412929528247,0.2821690464019775,VAE
38,PAR3,LogisticRegression,0.5318772955647956,0.0485175618523497,0.604360396039604,0.2165036392211914,VAE
39,PAR3,SVM,0.5247999826749826,0.0653119887491634,0.5965723160551349,0.4452046394348145,VAE
40,HIV,RandomForest,0.522601969431309,0.0983699779521544,0.8371976788265826,6.088535776138306,VAE
41,HIV,Boosting,0.607955475266989,0.104374657472672,0.829236753856472,2.5888756561279296,VAE
42,HIV,KNN,0.6026312806616723,0.0823995297791222,0.7936004432391449,0.2368849182128906,VAE
43,HIV,LogisticRegression,0.608839239856189,0.0747559940319968,0.8349119645408684,0.1815059471130371,VAE
44,HIV,SVM,0.5695186228149407,0.0790707037731014,0.8068829207126818,0.2908347797393799,VAE
45,CDI,RandomForest,0.7178259637188208,0.0546868839895955,0.7226737967914438,6.16104455947876,VAE
46,CDI,Boosting,0.6884577515216614,0.0592150539725267,0.7195900178253121,2.7101978492736816,VAE
47,CDI,KNN,0.681373746867168,0.0648933866045943,0.7227985739750445,0.2394970893859863,VAE
48,CDI,LogisticRegression,0.606001163623344,0.0933594820124059,0.7149197860962567,0.1886906051635742,VAE
49,CDI,SVM,0.692979000079564,0.0660486361462419,0.7126559714795009,0.300569019317627,VAE
50,OB,RandomForest,0.5348834498834498,0.0991934988601587,0.7815288220551377,5.924256553649903,VAE
51,OB,Boosting,0.5922027972027972,0.0694632867108422,0.7552506265664161,2.463628988265991,VAE
52,OB,KNN,0.5411888111888112,0.0680775408934971,0.7069423558897243,0.221839599609375,VAE
53,OB,LogisticRegression,0.537913752913753,0.0903080126529803,0.7779699248120301,0.1743081855773925,VAE
54,OB,SVM,0.5206876456876457,0.0902081902666765,0.7794486215538847,0.262400484085083,VAE
55,CIR,RandomForest,0.4980363636363636,0.1911296872685452,0.652078431372549,5.10890606880188,VAE
56,CIR,Boosting,0.5434666666666667,0.1603621722831079,0.595764705882353,1.7276308917999268,VAE
57,CIR,KNN,0.5741333333333334,0.157104560761098,0.5254901960784314,0.1849662494659424,VAE
58,CIR,LogisticRegression,0.5587636363636365,0.1716956309246226,0.5930980392156863,0.1738771438598632,VAE
59,CIR,SVM,0.5136606060606062,0.2049892992794992,0.6410980392156863,0.1620272350311279,VAE
60,IBD1,RandomForest,0.5931428571428572,0.1054198591217934,0.7278981768145855,5.118241090774536,VAE
61,IBD1,Boosting,0.6477362637362637,0.0954647609817403,0.6988097695218438,1.7545760154724122,VAE
62,IBD1,KNN,0.5458351648351648,0.0969708362060878,0.7182800137598899,0.1808745574951172,VAE
63,IBD1,LogisticRegression,0.5813186813186814,0.1412113994713576,0.7321224630202958,0.1711450386047363,VAE
64,IBD1,SVM,0.4989230769230769,0.1399811500757319,0.7212315101479189,0.1620967197418213,VAE
65,IBD2,RandomForest,0.505020757020757,0.1193180101796948,0.5634123847167326,5.311872463226319,VAE
66,IBD2,Boosting,0.561982905982906,0.10527274905253,0.5630434782608695,1.8822777080535888,VAE
67,IBD2,KNN,0.5294029304029304,0.104866890736297,0.5592687747035573,0.1847541809082031,VAE
68,IBD2,LogisticRegression,0.5876825396825397,0.1152376725571771,0.5726152832674571,0.1737790775299072,VAE
69,IBD2,SVM,0.5322637362637364,0.1299150739933708,0.571600790513834,0.1752828502655029,VAE
70,MHE,RandomForest,0.5887515151515151,0.1462824247998576,0.6363921568627451,5.061727819442749,VAE
71,MHE,Boosting,0.5988121212121212,0.1176570140961594,0.6324705882352941,1.7200548648834229,VAE
72,MHE,KNN,0.4703636363636363,0.1363192924532309,0.6476862745098039,0.1780152034759521,VAE
73,MHE,LogisticRegression,0.5287757575757576,0.148000756457005,0.6363921568627451,0.1696946907043457,VAE
74,MHE,SVM,0.4841090909090909,0.1827534345812403,0.6603921568627452,0.159080057144165,VAE
75,ART,RandomForest,0.4915010893246186,0.1156554436225997,0.7444466403162057,5.2427145195007325,VAE
76,ART,Boosting,0.5107755991285403,0.1166036637868354,0.6741106719367589,1.8281219577789307,VAE
77,ART,KNN,0.5856274509803922,0.1098192610840207,0.7389196310935442,0.1876693439483642,VAE
78,ART,LogisticRegression,0.5466274509803921,0.1192455692012598,0.7160606060606061,0.1761050319671631,VAE
79,ART,SVM,0.4960915032679738,0.1494867574968849,0.7408827404479578,0.1719454002380371,VAE
0,CRC2,RandomForest,0.7642424242424244,0.1095307258261817,0.6961904761904762,,Relief50
1,CRC2,Boosting,0.5882491582491582,0.13745691348727,0.5519047619047619,,Relief50
2,CRC2,KNN,0.7368686868686869,0.0971536554750572,0.5780952380952381,,Relief50
3,CRC2,LogisticRegression,0.7198653198653199,0.099389924457886,0.6490476190476191,,Relief50
4,CRC2,SVM,0.7457575757575757,0.1429946311734613,0.647142857142857,,Relief50
5,CRC1,RandomForest,0.6842914361638724,0.0314225419786863,0.6408163265306123,,Relief50
6,CRC1,Boosting,0.6445005363791253,0.0397104576626807,0.5918367346938775,,Relief50
7,CRC1,KNN,0.5825975649088856,0.0302109812627797,0.5510204081632653,,Relief50
8,CRC1,LogisticRegression,0.5931463017886316,0.0383296743411678,0.5571428571428572,,Relief50
9,CRC1,SVM,0.5961726194232347,0.0402640419042409,0.5591836734693878,,Relief50
10,CD1,RandomForest,0.797235576923077,0.0617708120254011,0.7357142857142858,,Relief50
11,CD1,Boosting,0.7181891025641025,0.0850030916174522,0.6928571428571428,,Relief50
12,CD1,KNN,0.6280448717948719,0.088803342727221,0.5785714285714285,,Relief50
13,CD1,LogisticRegression,0.7669551282051282,0.0543939353455427,0.6785714285714286,,Relief50
14,CD1,SVM,0.7717628205128205,0.098313119647285,0.6214285714285714,,Relief50
15,CD2,RandomForest,0.8281119465329991,0.036128266827263,0.7625,,Relief50
16,CD2,Boosting,0.8025383972752393,0.03138193537424,0.71875,,Relief50
17,CD2,KNN,0.6692468350363088,0.088599634471958,0.5875,,Relief50
18,CD2,LogisticRegression,0.7857271383587173,0.044970302948797,0.69375,,Relief50
19,CD2,SVM,0.7816946211683053,0.0562575057068247,0.69375,,Relief50
20,PAR1,RandomForest,0.7311428571428571,0.0403275078094024,0.6485057471264367,,Relief50
21,PAR1,Boosting,0.6662222222222222,0.0473914561221607,0.627816091954023,,Relief50
22,PAR1,KNN,0.6987936507936507,0.0668940641808026,0.6409195402298851,,Relief50
23,PAR1,LogisticRegression,0.7080634920634922,0.0623664024390312,0.6951724137931035,,Relief50
24,PAR1,SVM,0.6081904761904762,0.0957125536182742,0.5604597701149425,,Relief50
25,PAR2,RandomForest,0.7057900771315406,0.0300765701360447,0.639846223428313,,Relief50
26,PAR2,Boosting,0.6901860537836149,0.0568909409526322,0.6339213025780189,,Relief50
27,PAR2,KNN,0.6206766381766382,0.0353077958721158,0.6216191768430575,,Relief50
28,PAR2,LogisticRegression,0.651392710721979,0.0401297260133764,0.6245590230664857,,Relief50
29,PAR2,SVM,0.6392205197693003,0.0333801564996855,0.5855269109000452,,Relief50
30,PAR3,RandomForest,0.7125980307230307,0.0416784389627334,0.6725684333139197,,Relief50
31,PAR3,Boosting,0.6896137964887965,0.0427931217427936,0.6468452727625704,,Relief50
32,PAR3,KNN,0.6613156185031185,0.0652080780614716,0.6606484177829548,,Relief50
33,PAR3,LogisticRegression,0.6634541753291753,0.0409108804653371,0.6587458745874587,,Relief50
34,PAR3,SVM,0.6882870610995611,0.0459488550043921,0.6527858668219764,,Relief50
35,HIV,RandomForest,0.7377112002550343,0.0470094089488916,0.8400000000000001,,Relief50
36,HIV,Boosting,0.668574110479429,0.076031213357125,0.8114285714285716,,Relief50
37,HIV,KNN,0.6794876733436055,0.0491312434063313,0.8371428571428572,,Relief50
38,HIV,LogisticRegression,0.7258899633388236,0.03836098201518,0.822857142857143,,Relief50
39,HIV,SVM,0.6497759594778881,0.1729337663404912,0.8371428571428572,,Relief50
40,OB,RandomForest,0.7560314685314686,0.1086464814308759,0.8043859649122806,,Relief50
41,OB,Boosting,0.6900641025641026,0.1156519368695643,0.800501253132832,,Relief50
42,OB,KNN,0.6116987179487179,0.1155535004944412,0.7829573934837092,,Relief50
43,OB,LogisticRegression,0.7232517482517482,0.1121178500482116,0.7899749373433584,,Relief50
44,OB,SVM,0.7116841491841492,0.1149885186438709,0.768671679197995,,Relief50
45,CDI,RandomForest,0.8953798185941043,0.0622801825365863,0.8481562774363477,,Relief50
46,CDI,Boosting,0.8875492302184032,0.0649392513723925,0.8420544337137841,,Relief50
47,CDI,KNN,0.7559098639455784,0.0558801217949941,0.7381035996488148,,Relief50
48,CDI,LogisticRegression,0.8522422126745436,0.0589046496202221,0.7797629499561018,,Relief50
49,CDI,SVM,0.8261487050960735,0.0514959818253799,0.7380597014925374,,Relief50
50,CIR,RandomForest,0.8063636363636364,0.1240607689004275,0.7141666666666666,,Relief50
51,CIR,Boosting,0.8197272727272727,0.1169239351526035,0.7275,,Relief50
52,CIR,KNN,0.6296666666666667,0.2219319214934565,0.6624999999999999,,Relief50
53,CIR,LogisticRegression,0.6717575757575758,0.2360385020965703,0.7,,Relief50
54,CIR,SVM,0.6546666666666667,0.2294786361394986,0.6991666666666666,,Relief50
55,IBD1,RandomForest,0.7624725274725275,0.151813852993173,0.7695906432748538,,Relief50
56,IBD1,Boosting,0.7283516483516485,0.1525873144793872,0.7146198830409356,,Relief50
57,IBD1,KNN,0.6303571428571428,0.2055283291785248,0.7467836257309942,,Relief50
58,IBD1,LogisticRegression,0.7586813186813187,0.154620656439097,0.7251461988304093,,Relief50
59,IBD1,SVM,0.7608241758241758,0.1468404511763653,0.7684210526315789,,Relief50
60,IBD2,RandomForest,0.6561416361416361,0.1266897039961525,0.6924901185770751,,Relief50
61,IBD2,Boosting,0.6796581196581196,0.1941770430234345,0.683794466403162,,Relief50
62,IBD2,KNN,0.6283760683760684,0.0816324781850381,0.5790513833992095,,Relief50
63,IBD2,LogisticRegression,0.6271794871794872,0.1047515328534847,0.6051383399209487,,Relief50
64,IBD2,SVM,0.6145787545787545,0.1150741823468672,0.5608695652173913,,Relief50
65,MHE,RandomForest,0.7090909090909092,0.1200440690429839,0.6749999999999999,,Relief50
66,MHE,Boosting,0.7255757575757575,0.1731231614124672,0.7116666666666667,,Relief50
67,MHE,KNN,0.6220606060606061,0.1200556038913288,0.6624999999999999,,Relief50
68,MHE,LogisticRegression,0.5909090909090909,0.1250295832761785,0.6091666666666666,,Relief50
69,MHE,SVM,0.5862424242424242,0.0951209369897649,0.6225,,Relief50
70,ART,RandomForest,0.6173856209150328,0.0749532156472441,0.7454545454545455,,Relief50
71,ART,Boosting,0.5900653594771242,0.0890410078603162,0.7193675889328064,,Relief50
72,ART,KNN,0.5950980392156863,0.0484436755033169,0.7545454545454545,,Relief50
73,ART,LogisticRegression,0.5022875816993464,0.0708449700583059,0.7371541501976283,,Relief50
74,ART,SVM,0.5238562091503269,0.1338539113364867,0.709486166007905,,Relief50
0,CRC2,RandomForest,0.7662289562289561,0.1096268375458281,0.6676190476190477,12.870725774765017,Relief100
1,CRC2,Boosting,0.6009427609427609,0.128281573383047,0.590952380952381,0.4329406261444092,Relief100
2,CRC2,KNN,0.7544107744107744,0.0926834204042225,0.5780952380952381,0.1757701396942138,Relief100
3,CRC2,LogisticRegression,0.7106060606060606,0.1170758925477638,0.6295238095238096,0.2089321136474609,Relief100
4,CRC2,SVM,0.722020202020202,0.1440666104484218,0.6566666666666666,0.1302939891815185,Relief100
5,CRC1,RandomForest,0.6782750503074539,0.0248783395896721,0.6306122448979592,2762.710227203369,Relief100
6,CRC1,Boosting,0.6572107934905309,0.0395595142943422,0.6122448979591837,1.73475661277771,Relief100
7,CRC1,KNN,0.5669043562398771,0.0409147488515893,0.5653061224489797,1.2720359325408936,Relief100
8,CRC1,LogisticRegression,0.5899629092081922,0.0396456715741738,0.5489795918367347,1.5873351097106934,Relief100
9,CRC1,SVM,0.5703783050419637,0.0252209291360731,0.5448979591836733,1.25030574798584,Relief100
10,CD1,RandomForest,0.7931009615384615,0.062811203359136,0.7285714285714286,99.32201285362244,Relief100
11,CD1,Boosting,0.7192628205128205,0.0817013183803688,0.7071428571428573,0.6901134014129638,Relief100
12,CD1,KNN,0.6321073717948719,0.0764443763830712,0.5714285714285714,0.4133292198181152,Relief100
13,CD1,LogisticRegression,0.7432371794871795,0.0559594721161521,0.6642857142857144,0.5085217952728271,Relief100
14,CD1,SVM,0.7663541666666667,0.0554810400273353,0.65,0.3606878280639648,Relief100
15,CD2,RandomForest,0.8419092603303129,0.0396700953828214,0.775,121.9273644924164,Relief100
16,CD2,Boosting,0.7937118437118436,0.0471353303847726,0.725,0.7235578060150146,Relief100
17,CD2,KNN,0.6854765117923013,0.080037790540638,0.59375,0.433223009109497,Relief100
18,CD2,LogisticRegression,0.7611078979500033,0.0448515197658033,0.68125,0.5213970184326172,Relief100
19,CD2,SVM,0.7507422402159245,0.063608789724978,0.7,0.3754823684692382,Relief100
20,PAR1,RandomForest,0.7272380952380952,0.0281022500441865,0.675632183908046,390.41285543441774,Relief100
21,PAR1,Boosting,0.6673650793650794,0.0517070259064734,0.6216091954022989,1.1680660724639893,Relief100
22,PAR1,KNN,0.6876507936507937,0.0756294423306235,0.6273563218390804,1.038300085067749,Relief100
23,PAR1,LogisticRegression,0.7192380952380952,0.0574231573254947,0.6751724137931033,1.2468897342681884,Relief100
24,PAR1,SVM,0.5786666666666667,0.1279423213457252,0.5466666666666666,0.8393222332000733,Relief100
25,PAR2,RandomForest,0.7055604197067612,0.0445523247944489,0.6156942559927635,1123.601250076294,Relief100
26,PAR2,Boosting,0.6979619206448475,0.038566051563359,0.627498869289914,1.366985273361206,Relief100
27,PAR2,KNN,0.644775641025641,0.025511433554764,0.6065128900949797,0.979851484298706,Relief100
28,PAR2,LogisticRegression,0.628072927524147,0.0377562778380895,0.6066485753052917,1.2089711666107177,Relief100
29,PAR2,SVM,0.6431846292821902,0.0421413653581389,0.5854816824966079,0.8504364967346192,Relief100
30,PAR3,RandomForest,0.7121685146685147,0.0419951742118121,0.6685692098621627,4632.843037748336,Relief100
31,PAR3,Boosting,0.692118993993994,0.0463932668095378,0.6568433313919628,3.0028238773345945,Relief100
32,PAR3,KNN,0.6479366626241627,0.0639830280742997,0.6547466511357019,2.3047127723693848,Relief100
33,PAR3,LogisticRegression,0.6649705474705474,0.0326930322684685,0.6468646864686469,2.81462025642395,Relief100
34,PAR3,SVM,0.6395206023331024,0.0470188518579805,0.6291982139390411,1.959814691543579,Relief100
0,HIV,RandomForest,0.7458404176186175,0.0451428938026838,0.8400000000000001,2298.595477437973,Relief100
1,HIV,Boosting,0.6641805252997537,0.0498127894370944,0.8142857142857143,2.8392139434814454,Relief100
2,HIV,KNN,0.668035483413917,0.0636419568648768,0.8342857142857143,3.0250558853149414,Relief100
3,HIV,LogisticRegression,0.7181897880027629,0.037612070058233,0.8200000000000001,3.6778390407562256,Relief100
4,HIV,SVM,0.6642597807413705,0.0540361592722166,0.8200000000000001,2.4291168689727782,Relief100
5,OB,RandomForest,0.7518502331002332,0.1114034055730006,0.8006892230576442,696.2913436889648,Relief100
6,OB,Boosting,0.694434731934732,0.1086192842818629,0.7899122807017543,1.4406867027282717,Relief100
7,OB,KNN,0.6078671328671329,0.1074585931833491,0.7793859649122806,1.3791327476501465,Relief100
8,OB,LogisticRegression,0.7214160839160838,0.1105531152678108,0.80062656641604,1.7038977146148682,Relief100
9,OB,SVM,0.7207167832167832,0.0991253002810466,0.775689223057644,1.1175192832946776,Relief100
10,CDI,RandomForest,0.9018185344313164,0.0600658366981295,0.8542142230026339,545.9241527080536,Relief100
11,CDI,Boosting,0.8911430361618331,0.0557497531397131,0.8510535557506584,1.1704636096954346,Relief100
12,CDI,KNN,0.748234425349087,0.0495566848078162,0.7321334503950834,0.9111468315124512,Relief100
13,CDI,LogisticRegression,0.8531731113498031,0.0586625944071345,0.7857330992098331,1.1238707065582276,Relief100
14,CDI,SVM,0.828189521422604,0.0514931438958689,0.7350746268656717,0.7790891170501709,Relief100
15,CIR,RandomForest,0.801030303030303,0.1123064154259313,0.7133333333333334,25.806942892074584,Relief100
16,CIR,Boosting,0.8030606060606061,0.1425244779453355,0.7266666666666667,0.5623956203460694,Relief100
17,CIR,KNN,0.5816666666666667,0.230212462255582,0.6624999999999999,0.3263671398162842,Relief100
18,CIR,LogisticRegression,0.6744242424242424,0.2297049330993447,0.74,0.387723970413208,Relief100
19,CIR,SVM,0.6526666666666667,0.1984652222542892,0.7258333333333333,0.2816953659057617,Relief100
20,IBD1,RandomForest,0.7645054945054944,0.1642897937675718,0.7578947368421052,29.02243723869324,Relief100
21,IBD1,Boosting,0.6933516483516483,0.165910084869248,0.7035087719298245,0.6113575458526611,Relief100
22,IBD1,KNN,0.6332142857142857,0.2045878290837502,0.7467836257309942,0.3876937866210937,Relief100
23,IBD1,LogisticRegression,0.7317032967032968,0.1322900302182957,0.7362573099415205,0.4579150676727295,Relief100
24,IBD1,SVM,0.750989010989011,0.1452373145958723,0.768421052631579,0.3356606960296631,Relief100
25,IBD2,RandomForest,0.6742612942612943,0.1379104182814537,0.6750988142292489,31.62193069458008,Relief100
26,IBD2,Boosting,0.6532356532356532,0.188681236111814,0.6833992094861661,0.6230207443237304,Relief100
27,IBD2,KNN,0.6201953601953603,0.0741369419288199,0.5790513833992095,0.3442508220672607,Relief100
28,IBD2,LogisticRegression,0.6301587301587303,0.1194488713889398,0.5877470355731225,0.3939248561859131,Relief100
29,IBD2,SVM,0.6347741147741147,0.1317736829942583,0.5964426877470356,0.2962082386016845,Relief100
30,MHE,RandomForest,0.7088484848484848,0.1430506405674525,0.6883333333333332,25.756993579864503,Relief100
31,MHE,Boosting,0.7276969696969697,0.1460157859058418,0.6991666666666666,0.5740703105926513,Relief100
32,MHE,KNN,0.6040606060606061,0.1053732880947229,0.6758333333333333,0.3257106304168701,Relief100
33,MHE,LogisticRegression,0.6066060606060606,0.119706773668307,0.6475000000000001,0.4026712894439697,Relief100
34,MHE,SVM,0.4177575757575757,0.1025764692692735,0.585,0.2803461074829101,Relief100
35,ART,RandomForest,0.5964052287581698,0.0678153002444323,0.7454545454545455,164.70572824478148,Relief100
36,ART,Boosting,0.6052287581699346,0.0805286051777189,0.7375494071146245,1.024552011489868,Relief100
37,ART,KNN,0.5898039215686274,0.0897700938086107,0.7545454545454545,0.8932514190673828,Relief100
38,ART,LogisticRegression,0.5058169934640522,0.0722624026873914,0.7284584980237152,1.1075717449188232,Relief100
39,ART,SVM,0.592875816993464,0.0484835173934463,0.6664031620553359,0.730373764038086,Relief100
0,CRC1,RandomForest,0.5828394964346564,0.0716504264070933,0.566530612244898,22.34171203613281,MIFS50
1,CRC1,Boosting,0.5558517805683515,0.0803283453512302,0.5428571428571428,0.8446587371826172,MIFS50
2,CRC1,KNN,0.5581473815583742,0.0611149413434908,0.5448979591836735,0.4652236175537109,MIFS50
3,CRC1,LogisticRegression,0.5546951788982141,0.0735445530377033,0.5551020408163265,0.5390911293029785,MIFS50
4,CRC1,SVM,0.557428899967046,0.0645290983797086,0.5477551020408163,0.4905144596099853,MIFS50
10,CRC2,RandomForest,0.6757979797979797,0.125934444696462,0.6434285714285715,3.911313228607178,MIFS50
11,CRC2,Boosting,0.6432727272727273,0.1153034664050946,0.6353333333333333,0.3642045879364013,MIFS50
12,CRC2,KNN,0.6165454545454546,0.1515644851970019,0.5737142857142857,0.1083215236663818,MIFS50
13,CRC2,LogisticRegression,0.6446195286195286,0.1389988747656426,0.6076190476190476,0.1360181045532226,MIFS50
14,CRC2,SVM,0.6102154882154882,0.1552490802243908,0.5667619047619048,0.088579683303833,MIFS50
15,CD1,RandomForest,0.6541442307692307,0.128907531524421,0.6414285714285713,10.008055324554444,MIFS50
16,CD1,Boosting,0.6351939102564103,0.1118590788699827,0.6314285714285713,0.5259420871734619,MIFS50
17,CD1,KNN,0.6277211538461539,0.1347859329243656,0.5942857142857143,0.231329641342163,MIFS50
18,CD1,LogisticRegression,0.6777596153846155,0.1179148612744332,0.6285714285714286,0.2611548614501953,MIFS50
19,CD1,SVM,0.6416137820512821,0.1379931767814017,0.6142857142857142,0.2031303310394287,MIFS50
20,CD2,RandomForest,0.7693509414562046,0.065364842409363,0.71375,10.17220149040222,MIFS50
21,CD2,Boosting,0.7251384872437504,0.0561670032630422,0.69625,0.5300923347473144,MIFS50
22,CD2,KNN,0.758165927639612,0.0709241122704602,0.6975,0.2356545352935791,MIFS50
23,CD2,LogisticRegression,0.7917164706638391,0.0586923743093777,0.6725,0.2673025035858154,MIFS50
24,CD2,SVM,0.7706201400938242,0.0679516155924132,0.65875,0.2077216148376464,MIFS50
25,PAR1,RandomForest,0.572952380952381,0.0985316638858181,0.5609195402298851,24.147903575897217,MIFS50
26,PAR1,Boosting,0.5588444444444444,0.0819447732957773,0.5486896551724137,0.6740828800201416,MIFS50
27,PAR1,KNN,0.5166349206349207,0.1137862631473059,0.5133793103448275,0.4268100261688232,MIFS50
28,PAR1,LogisticRegression,0.5497333333333333,0.0986552946399423,0.5338390804597701,0.467235050201416,MIFS50
29,PAR1,SVM,0.5053142857142857,0.0898190349960355,0.5202298850574713,0.3422074127197265,MIFS50
30,PAR2,RandomForest,0.5938361302202765,0.0849593856741498,0.6042152872003618,20.3546319103241,MIFS50
31,PAR2,Boosting,0.5578668091168091,0.0774884060408244,0.5927363184079603,0.6936713981628418,MIFS50
32,PAR2,KNN,0.5885449412827463,0.1006817778659828,0.5968882858435096,0.3969350242614746,MIFS50
33,PAR2,LogisticRegression,0.5816552706552707,0.0974256501455861,0.5976119402985074,0.4559461879730224,MIFS50
34,PAR2,SVM,0.5623631957473422,0.0923776506210941,0.603012211668928,0.3855143547058105,MIFS50
35,PAR3,RandomForest,0.6271381092631093,0.0625867469076789,0.6386216268685693,41.23691466331482,MIFS50
36,PAR3,Boosting,0.5668382420882421,0.0595723666085945,0.5936788973014949,1.0218101787567138,MIFS50
37,PAR3,KNN,0.5814281878031877,0.0665590374929735,0.6050980392156863,0.7374521636962891,MIFS50
38,PAR3,LogisticRegression,0.5763491424116425,0.0754503493603156,0.6370840613473112,0.8572115707397461,MIFS50
39,PAR3,SVM,0.5232781531531532,0.0958543331598912,0.6327353911861775,0.7274019527435303,MIFS50
40,HIV,RandomForest,0.6865501301737421,0.0874222843414639,0.8320000000000001,42.92990750312805,MIFS50
41,HIV,Boosting,0.6097919876733436,0.0877013290703265,0.8182857142857144,0.9640800762176512,MIFS50
42,HIV,KNN,0.6543145511219737,0.0959470641634594,0.8314285714285714,0.7115891456604004,MIFS50
43,HIV,LogisticRegression,0.6951192373766891,0.0695763422008424,0.834857142857143,0.8192738056182861,MIFS50
44,HIV,SVM,0.582437126968103,0.1490858136746424,0.8394285714285715,0.6015987110137939,MIFS50
45,OB,RandomForest,0.7223834498834498,0.0933155410255198,0.783659147869674,17.42057409286499,MIFS50
46,OB,Boosting,0.6691083916083918,0.1124143020426523,0.7501629072681705,0.6704814434051514,MIFS50
47,OB,KNN,0.6317482517482518,0.0929585499290222,0.7758395989974938,0.3592599391937255,MIFS50
48,OB,LogisticRegression,0.690259324009324,0.1066386263073836,0.7815538847117796,0.4102189445495605,MIFS50
49,OB,SVM,0.6631963869463868,0.101233215454052,0.766002506265664,0.3151804256439209,MIFS50
50,CDI,RandomForest,0.9106984723714048,0.0232235406485505,0.8511852502194907,11.874499626159668,MIFS50
51,CDI,Boosting,0.885359678959303,0.0375542868427532,0.836935908691835,0.663507080078125,MIFS50
52,CDI,KNN,0.7450444563790429,0.0690707888595585,0.7263213345039509,0.2675968551635742,MIFS50
53,CDI,LogisticRegression,0.8397258026017425,0.0451819031514693,0.8054082528533801,0.3120603942871093,MIFS50
54,CDI,SVM,0.83547081990691,0.059480750656974,0.7392712906057944,0.2458991813659668,MIFS50
55,CIR,RandomForest,0.7116181818181818,0.1216096565930347,0.7045,8.540608987808227,MIFS50
56,CIR,Boosting,0.6625151515151515,0.1088737569366233,0.6955000000000001,0.4514939975738525,MIFS50
57,CIR,KNN,0.6643212121212122,0.1195139845661881,0.6805,0.2103444480895996,MIFS50
58,CIR,LogisticRegression,0.6668303030303031,0.1596830763895028,0.6728333333333333,0.2328210544586181,MIFS50
59,CIR,SVM,0.6495939393939394,0.1678027982486938,0.6808333333333333,0.1754907131195068,MIFS50
60,IBD1,RandomForest,0.722489010989011,0.1244030397148844,0.7382456140350877,7.792636528015136,MIFS50
61,IBD1,Boosting,0.6627197802197802,0.1184206156761716,0.7192982456140351,0.4386146354675293,MIFS50
62,IBD1,KNN,0.6401538461538462,0.155715050173777,0.7340350877192983,0.2035363006591797,MIFS50
63,IBD1,LogisticRegression,0.6709670329670331,0.1205143276790977,0.7211695906432749,0.2312687873840332,MIFS50
64,IBD1,SVM,0.6622747252747254,0.1531835361561602,0.7295906432748538,0.1748321819305419,MIFS50
65,IBD2,RandomForest,0.6321001221001221,0.1172766924777095,0.5844268774703558,5.500972032546997,MIFS50
66,IBD2,Boosting,0.6140537240537242,0.0873254627222544,0.6052173913043478,0.4776301383972168,MIFS50
67,IBD2,KNN,0.5861978021978022,0.1140075365426203,0.5720948616600791,0.1823852729797363,MIFS50
68,IBD2,LogisticRegression,0.6026910866910867,0.1099439332576017,0.5962845849802371,0.206090087890625,MIFS50
69,IBD2,SVM,0.5581904761904761,0.1108883229553013,0.5963636363636363,0.1619062232971191,MIFS50
70,MHE,RandomForest,0.6609212121212121,0.1569301103703912,0.6056666666666667,8.517493295669556,MIFS50
71,MHE,Boosting,0.5947757575757575,0.1425559166950171,0.6163333333333333,0.4315755271911621,MIFS50
72,MHE,KNN,0.5699333333333333,0.1604703376210019,0.5056666666666667,0.2089512348175048,MIFS50
73,MHE,LogisticRegression,0.6134484848484848,0.1449552369397306,0.6543333333333333,0.2356272602081298,MIFS50
74,MHE,SVM,0.5310787878787878,0.1580617059359389,0.5986666666666666,0.1760993289947509,MIFS50
75,ART,RandomForest,0.4820653594771242,0.1224171428117866,0.717707509881423,25.494564657211303,MIFS50
76,ART,Boosting,0.4893464052287581,0.125156691914033,0.7141501976284584,0.5729164886474609,MIFS50
77,ART,KNN,0.4912418300653596,0.1406418101339098,0.7283794466403163,0.4120347595214844,MIFS50
78,ART,LogisticRegression,0.526718954248366,0.1404197000768707,0.7545454545454546,0.4616409015655517,MIFS50
79,ART,SVM,0.5111633986928105,0.1197306302136366,0.7528063241106718,0.3326420497894287,MIFS50
0,CRC2,RandomForest,0.7054410774410773,0.0914416217043071,0.6418095238095237,3.895251893997192,MIFS100
1,CRC2,Boosting,0.6243299663299663,0.1301316016205183,0.5827619047619047,0.2531818866729736,MIFS100
2,CRC2,KNN,0.6427441077441078,0.0963875859341676,0.5968571428571429,0.1268226432800293,MIFS100
3,CRC2,LogisticRegression,0.6715488215488216,0.1423691577853353,0.6277142857142857,0.1472907924652099,MIFS100
4,CRC2,SVM,0.64496632996633,0.152044067465341,0.6027619047619046,0.1040656948089599,MIFS100
10,CRC1,RandomForest,0.5932013665397586,0.064105921020004,0.5730612244897959,25.90605257987976,MIFS100
11,CRC1,Boosting,0.580335307068285,0.0662502776569083,0.5567346938775509,0.7180195713043213,MIFS100
12,CRC1,KNN,0.5510792438807204,0.0628674353831151,0.540408163265306,0.496281509399414,MIFS100
13,CRC1,LogisticRegression,0.5424422989279428,0.0595069338124547,0.5481632653061224,0.6003911781311035,MIFS100
14,CRC1,SVM,0.5505096863759702,0.0655553369100431,0.5514285714285715,0.5195179843902588,MIFS100
15,CD1,RandomForest,0.723724358974359,0.0909720830383726,0.6871428571428573,10.13070517539978,MIFS100
16,CD1,Boosting,0.6970144230769231,0.1002168456293047,0.6657142857142857,0.4165564441680908,MIFS100
17,CD1,KNN,0.7020496794871796,0.0751687041477445,0.6614285714285714,0.2661648368835449,MIFS100
18,CD1,LogisticRegression,0.7133012820512822,0.1253085083846522,0.6571428571428573,0.3126499366760253,MIFS100
19,CD1,SVM,0.7209823717948717,0.1155303258430019,0.6028571428571428,0.2389436435699463,MIFS100
20,CD2,RandomForest,0.8061438853544116,0.0733289259097918,0.74125,10.331583347320556,MIFS100
21,CD2,Boosting,0.7439666473877,0.080911428804778,0.705,0.4161813640594482,MIFS100
22,CD2,KNN,0.755506072874494,0.1153579212734473,0.68375,0.2678960800170898,MIFS100
23,CD2,LogisticRegression,0.8188667180772445,0.0691028408597347,0.68,0.3140008544921875,MIFS100
24,CD2,SVM,0.8048579782790308,0.0830861170591644,0.6125,0.2392144966125488,MIFS100
25,PAR1,RandomForest,0.536863492063492,0.0998045081335976,0.5424827586206897,25.65587845802307,MIFS100
26,PAR1,Boosting,0.5480507936507937,0.1335073808851737,0.5312183908045978,0.547229995727539,MIFS100
27,PAR1,KNN,0.4990984126984126,0.1130939245370668,0.5095172413793104,0.4011897182464599,MIFS100
28,PAR1,LogisticRegression,0.5411809523809523,0.1253524541147181,0.5244597701149425,0.4540242862701416,MIFS100
29,PAR1,SVM,0.509968253968254,0.0942111831979439,0.4986206896551725,0.3475780773162842,MIFS100
30,PAR2,RandomForest,0.6434508720728231,0.0473838424410868,0.6078064224332881,21.1314262008667,MIFS100
31,PAR2,Boosting,0.5908499409353068,0.0507233285635023,0.5927453640886476,0.6265595817565918,MIFS100
32,PAR2,KNN,0.6117654089361406,0.0607067626386128,0.6054454997738579,0.4187673950195312,MIFS100
33,PAR2,LogisticRegression,0.6159062261135432,0.0722863453753207,0.6126639529624603,0.4869283294677734,MIFS100
34,PAR2,SVM,0.5746116843860746,0.0919930845104729,0.5921302578018995,0.4038769817352295,MIFS100
35,PAR3,RandomForest,0.6170713646338646,0.0560089698929912,0.6363075131042516,44.25375378608704,MIFS100
36,PAR3,Boosting,0.5833105364980365,0.0545609783029395,0.6126460881382256,0.9432864379882812,MIFS100
37,PAR3,KNN,0.5863924693924694,0.0710730797658436,0.6133643952630558,0.732664680480957,MIFS100
38,PAR3,LogisticRegression,0.5784369658119658,0.0813690925516341,0.6406134731120171,0.8813145542144776,MIFS100
39,PAR3,SVM,0.5475977130977131,0.0856297004669225,0.630762958648806,0.7073701286315918,MIFS100
40,HIV,RandomForest,0.7055717460992155,0.0750382695204017,0.8377142857142856,45.66426102638245,MIFS100
41,HIV,Boosting,0.6384574854329383,0.089808605508767,0.8108571428571429,0.8201241874694825,MIFS100
42,HIV,KNN,0.6540581885482528,0.1050842147411707,0.8280000000000001,0.683102388381958,MIFS100
43,HIV,LogisticRegression,0.6794284310079166,0.0941924099937489,0.834857142857143,0.7954650497436524,MIFS100
44,HIV,SVM,0.6221758939482492,0.1352405230261663,0.8377142857142857,0.6059889602661133,MIFS100
45,OB,RandomForest,0.7433974358974359,0.0773805989434617,0.7865162907268171,18.498965826034546,MIFS100
46,OB,Boosting,0.7013228438228438,0.0956804525999513,0.7658395989974938,1.749704542160034,MIFS100
47,OB,KNN,0.6345279720279721,0.072725822256881,0.7801002506265664,0.3876419162750244,MIFS100
48,OB,LogisticRegression,0.6845541958041957,0.0982999578251367,0.7793734335839599,0.4433744525909424,MIFS100
49,OB,SVM,0.6900961538461539,0.0864960076537545,0.779360902255639,0.3360480976104736,MIFS100
50,CDI,RandomForest,0.916920276882683,0.0238998587456954,0.8471115013169447,11.803404359817504,MIFS100
51,CDI,Boosting,0.8985278672872657,0.0325594908794225,0.8494381035996489,0.5738463878631592,MIFS100
52,CDI,KNN,0.7096850757846999,0.076218260159377,0.6954609306409131,0.3054109668731689,MIFS100
53,CDI,LogisticRegression,0.8376697696622507,0.047961110871178,0.7940825285338015,0.3766634368896484,MIFS100
54,CDI,SVM,0.8101512710347297,0.0707154817648817,0.7339069359086919,0.288855390548706,MIFS100
55,CIR,RandomForest,0.7804848484848484,0.1308702453588815,0.7304999999999999,8.647216711044312,MIFS100
56,CIR,Boosting,0.7211333333333333,0.1425735331034403,0.732,0.3646465015411377,MIFS100
57,CIR,KNN,0.6454242424242423,0.161752727654223,0.6731666666666666,0.2414886379241943,MIFS100
58,CIR,LogisticRegression,0.7356727272727273,0.1687904905951018,0.7041666666666667,0.2595445537567138,MIFS100
59,CIR,SVM,0.6979515151515152,0.2138636363421676,0.691,0.2088188362121582,MIFS100
60,IBD1,RandomForest,0.7611318681318682,0.0991009616693592,0.7626900584795321,8.051080913543702,MIFS100
61,IBD1,Boosting,0.636989010989011,0.1048672653413652,0.6770760233918129,0.3564686489105224,MIFS100
62,IBD1,KNN,0.6375494505494506,0.1283751606117552,0.7366081871345028,0.2342710399627685,MIFS100
63,IBD1,LogisticRegression,0.682967032967033,0.108411564246661,0.7540350877192982,0.2517156028747558,MIFS100
64,IBD1,SVM,0.6261318681318682,0.1580800898818414,0.7450292397660818,0.2021000480651855,MIFS100
65,IBD2,RandomForest,0.6740781440781441,0.1120173111943804,0.633596837944664,5.5538685131073,MIFS100
66,IBD2,Boosting,0.6447814407814408,0.1241772542157455,0.6157312252964426,0.3733058357238769,MIFS100
67,IBD2,KNN,0.608053724053724,0.1192661504096119,0.5808695652173913,0.2208912181854248,MIFS100
68,IBD2,LogisticRegression,0.6567081807081807,0.1180602393575013,0.6,0.2391169548034667,MIFS100
69,IBD2,SVM,0.5027008547008547,0.1748363695283431,0.6052173913043479,0.1932753181457519,MIFS100
70,MHE,RandomForest,0.6695393939393939,0.1594647180105194,0.6573333333333333,8.681361675262451,MIFS100
71,MHE,Boosting,0.6605030303030303,0.1372763978370722,0.6391666666666667,0.3649318313598633,MIFS100
72,MHE,KNN,0.5097393939393939,0.1794677290911209,0.4613333333333334,0.2381922912597656,MIFS100
73,MHE,LogisticRegression,0.6395030303030304,0.144369917681327,0.6813333333333333,0.2576526069641113,MIFS100
74,MHE,SVM,0.5644363636363636,0.1661799588782666,0.6443333333333334,0.2038668251037597,MIFS100
75,ART,RandomForest,0.5365359477124183,0.1476933876340519,0.7246640316205533,26.24674892425537,MIFS100
76,ART,Boosting,0.5397908496732026,0.1189876876076379,0.7122529644268774,0.4859081840515136,MIFS100
77,ART,KNN,0.5389803921568628,0.107768344831103,0.726798418972332,0.3847237682342529,MIFS100
78,ART,LogisticRegression,0.5837777777777778,0.1041732833474598,0.7545454545454546,0.4280331993103027,MIFS100
79,ART,SVM,0.4674640522875816,0.1056821345909666,0.7371541501976284,0.3137971687316894,MIFS100
0,CRC1,RandomForest,0.6692639230699116,0.0427670720332547,0.6257142857142857,270.91892384529115,MRMR50
1,CRC1,Boosting,0.6359541904180953,0.0496323622705301,0.5926530612244898,0.9973883438110352,MRMR50
2,CRC1,KNN,0.5741944532088091,0.0470833824091979,0.5608163265306123,0.3187982082366943,MRMR50
3,CRC1,LogisticRegression,0.596955859153152,0.0454051046330423,0.5783673469387756,0.3956668376922607,MRMR50
4,CRC1,SVM,0.6092322661842761,0.0509345721180412,0.5848979591836734,0.4373594951629638,MRMR50
10,CRC2,RandomForest,0.757090909090909,0.0873465742146005,0.6787619047619049,28.71143220901489,MRMR50
11,CRC2,Boosting,0.6584915824915825,0.0966846737078154,0.6097142857142858,0.585412187576294,MRMR50
12,CRC2,KNN,0.7027003367003368,0.1045574577384767,0.602,0.1099266529083251,MRMR50
13,CRC2,LogisticRegression,0.7236767676767676,0.1034877269122633,0.6335238095238095,0.1383948421478271,MRMR50
14,CRC2,SVM,0.6469023569023569,0.1784412423382075,0.6392380952380953,0.0884132575988769,MRMR50
15,CD1,RandomForest,0.7986153846153847,0.0597526143178457,0.71,44.50929028511048,MRMR50
16,CD1,Boosting,0.7888878205128205,0.05070953820493,0.712857142857143,0.6568581962585449,MRMR50
17,CD1,KNN,0.6949102564102564,0.0801237350355704,0.6114285714285714,0.1828565979003906,MRMR50
18,CD1,LogisticRegression,0.7788942307692308,0.0568955984077752,0.72,0.2165610313415527,MRMR50
19,CD1,SVM,0.7585496794871794,0.0812452980609857,0.6385714285714286,0.1637858009338378,MRMR50
20,CD2,RandomForest,0.8520329670329668,0.0550870403553161,0.785,48.29179489135742,MRMR50
21,CD2,Boosting,0.8203878285457233,0.0669620617130677,0.7575,0.724332332611084,MRMR50
22,CD2,KNN,0.7123121907332434,0.0553744035970109,0.65,0.186207857131958,MRMR50
23,CD2,LogisticRegression,0.8267283593599382,0.068078182055749,0.74125,0.221271800994873,MRMR50
24,CD2,SVM,0.8164979757085021,0.0720954875043246,0.7225,0.1692150211334228,MRMR50
25,PAR1,RandomForest,0.6773460317460317,0.0752545627949984,0.6105287356321838,331.01675055503847,MRMR50
26,PAR1,Boosting,0.6519111111111111,0.1014601632992451,0.6040000000000001,0.7742702102661133,MRMR50
27,PAR1,KNN,0.6116761904761905,0.1002016719759079,0.564551724137931,0.2215952110290527,MRMR50
28,PAR1,LogisticRegression,0.696126984126984,0.0835496210561987,0.612183908045977,0.2604213905334472,MRMR50
29,PAR1,SVM,0.5623619047619048,0.1651160906644821,0.560551724137931,0.2024166011810302,MRMR50
30,PAR2,RandomForest,0.6928432527273991,0.0453802984247234,0.6294617819990954,210.08286467552185,MRMR50
31,PAR2,Boosting,0.6599003891320965,0.0542927659676709,0.6521845318860244,0.93191143989563,MRMR50
32,PAR2,KNN,0.6079024563963589,0.065400520913646,0.6006331976481231,0.2631410312652588,MRMR50
33,PAR2,LogisticRegression,0.6485580223750955,0.0689760182965233,0.6103120759837177,0.3274614810943603,MRMR50
34,PAR2,SVM,0.6335138280869987,0.0681910028753765,0.6059972862957937,0.2830060005187988,MRMR50
35,PAR3,RandomForest,0.6984187601062601,0.0430999202012614,0.6714074936905456,439.2158378696442,MRMR50
36,PAR3,Boosting,0.6426688034188034,0.0571495142024051,0.631516210444574,1.241261501312256,MRMR50
37,PAR3,KNN,0.6343330445830446,0.0439524271606234,0.6595728984663173,0.4784882545471191,MRMR50
38,PAR3,LogisticRegression,0.6718457495957496,0.0504666495915111,0.6651252184041934,0.5727625465393067,MRMR50
39,PAR3,SVM,0.6456434511434511,0.0514661316978706,0.6528441079402058,0.5187791538238525,MRMR50
40,HIV,RandomForest,0.6921620795919452,0.0706683009152873,0.8371428571428572,627.0184216022492,MRMR50
41,HIV,Boosting,0.566320555053752,0.0945350150272624,0.8011428571428572,0.9578526973724364,MRMR50
42,HIV,KNN,0.5719031489648088,0.0634991407462407,0.8331428571428572,0.4186716175079346,MRMR50
43,HIV,LogisticRegression,0.6675649097639161,0.0685439434932118,0.8262857142857143,0.4908353137969971,MRMR50
44,HIV,SVM,0.6569367993199086,0.1179811183599333,0.8285714285714285,0.3749067878723144,MRMR50
45,OB,RandomForest,0.7726748251748252,0.0703746054321829,0.8014160401002506,256.94110065460205,MRMR50
46,OB,Boosting,0.7236247086247086,0.071436088408823,0.7900626566416039,0.8049889659881592,MRMR50
47,OB,KNN,0.6540617715617715,0.0921736075403659,0.7815413533834586,0.2367943096160888,MRMR50
48,OB,LogisticRegression,0.7544434731934732,0.0700290310850582,0.7822431077694236,0.287494888305664,MRMR50
49,OB,SVM,0.7727651515151515,0.0728720840282501,0.8013784461152882,0.2208729171752929,MRMR50
50,CDI,RandomForest,0.9111748120300752,0.0294010061689575,0.847673397717296,117.28560433387756,MRMR50
51,CDI,Boosting,0.8872504177109439,0.0373555076926234,0.8458208955223881,0.8423007774353027,MRMR50
52,CDI,KNN,0.7189948084496955,0.0731092355084055,0.7428709394205443,0.2069295787811279,MRMR50
53,CDI,LogisticRegression,0.8683355710705335,0.0560514803397613,0.8012203687445126,0.2602956295013428,MRMR50
54,CDI,SVM,0.86546858216971,0.0522873448519657,0.76369622475856,0.206619930267334,MRMR50
55,CIR,RandomForest,0.8444242424242424,0.1010356290974002,0.7351666666666666,102.79634638786315,MRMR50
56,CIR,Boosting,0.8240787878787879,0.0798965805355098,0.7908333333333334,0.6310953903198242,MRMR50
57,CIR,KNN,0.5566121212121211,0.1345480540289424,0.6701666666666667,0.1739791679382324,MRMR50
58,CIR,LogisticRegression,0.7978060606060606,0.1219439206340944,0.6961666666666667,0.2021138477325439,MRMR50
59,CIR,SVM,0.7421090909090909,0.1452099074045849,0.6631666666666667,0.1513612842559814,MRMR50
60,IBD1,RandomForest,0.7260989010989011,0.1104354599862039,0.7388304093567253,100.96533215522766,MRMR50
61,IBD1,Boosting,0.6827197802197803,0.1613471525463859,0.7146198830409358,0.6466071510314941,MRMR50
62,IBD1,KNN,0.6526153846153846,0.1110556355358757,0.7450292397660818,0.1783292961120605,MRMR50
63,IBD1,LogisticRegression,0.7643296703296705,0.0774186423156453,0.7520467836257311,0.2008286666870117,MRMR50
64,IBD1,SVM,0.7552747252747254,0.1074213905623277,0.7273684210526316,0.1548183250427246,MRMR50
65,IBD2,RandomForest,0.6783614163614164,0.0754192441545189,0.649407114624506,48.70134854316712,MRMR50
66,IBD2,Boosting,0.670964590964591,0.1125671917779743,0.6494861660079052,0.694173412322998,MRMR50
67,IBD2,KNN,0.6449328449328449,0.0892683871188916,0.6018181818181818,0.1771764373779296,MRMR50
68,IBD2,LogisticRegression,0.6699023199023199,0.0912544161482752,0.6122529644268774,0.1995297336578369,MRMR50
69,IBD2,SVM,0.6362588522588521,0.0887788315565863,0.5966798418972332,0.1534595966339111,MRMR50
70,MHE,RandomForest,0.6875636363636365,0.1755617400080019,0.6626666666666666,101.80959983825684,MRMR50
71,MHE,Boosting,0.7145636363636365,0.1491642362176375,0.7166666666666666,0.679424057006836,MRMR50
72,MHE,KNN,0.5626060606060607,0.0915840298692357,0.6625,0.1740964794158935,MRMR50
73,MHE,LogisticRegression,0.6745333333333333,0.1468100596308557,0.68,0.2004244804382324,MRMR50
74,MHE,SVM,0.6508484848484849,0.1158241915254152,0.6513333333333334,0.153724136352539,MRMR50
75,ART,RandomForest,0.5938823529411764,0.1050676117629272,0.7475889328063242,378.8739007663727,MRMR50
76,ART,Boosting,0.5865098039215686,0.1769062769782194,0.7347826086956524,0.7268498706817627,MRMR50
77,ART,KNN,0.5287843137254902,0.0930970407392408,0.7493280632411069,0.208425760269165,MRMR50
78,ART,LogisticRegression,0.5505228758169934,0.1239739899051828,0.7317786561264822,0.2398475551605224,MRMR50
79,ART,SVM,0.5764836601307188,0.1160356409971996,0.7227667984189723,0.1838411998748779,MRMR50
0,CRC1,RandomForest,0.6871302840355342,0.0538166405670786,0.6334693877551021,505.1646058177948,MRMR100
1,CRC1,Boosting,0.643064803713286,0.0569339487452631,0.6020408163265305,1.3435310554504394,MRMR100
2,CRC1,KNN,0.5837193054416188,0.0498859380980922,0.553469387755102,0.3362007617950439,MRMR100
3,CRC1,LogisticRegression,0.6210124313750237,0.0700166427783386,0.6036734693877551,0.4132046222686767,MRMR100
4,CRC1,SVM,0.6311411238019113,0.060408543963753,0.6012244897959184,0.4724985313415527,MRMR100
10,CRC2,RandomForest,0.7665959595959596,0.0893118117162983,0.6964761904761904,57.94939294815063,MRMR100
11,CRC2,Boosting,0.6317777777777778,0.1226743848761237,0.6117142857142857,0.8501155471801758,MRMR100
12,CRC2,KNN,0.7195016835016834,0.1102116298875426,0.5667619047619048,0.1197532749176025,MRMR100
13,CRC2,LogisticRegression,0.7463232323232322,0.0916607741286267,0.6788571428571428,0.1477350807189941,MRMR100
14,CRC2,SVM,0.6708080808080809,0.1455773191168208,0.6223809523809524,0.0971076583862304,MRMR100
15,CD1,RandomForest,0.8050384615384614,0.0701647644195453,0.7114285714285715,72.04765378952027,MRMR100
16,CD1,Boosting,0.7980192307692308,0.0579539363290271,0.7142857142857144,0.9526918792724608,MRMR100
17,CD1,KNN,0.6706330128205128,0.0969631155324065,0.5685714285714285,0.186130838394165,MRMR100
18,CD1,LogisticRegression,0.7868237179487179,0.0629522431646472,0.72,0.2306193447113037,MRMR100
19,CD1,SVM,0.7562596153846154,0.0739653364326137,0.6471428571428572,0.1651353740692138,MRMR100
20,CD2,RandomForest,0.8490874622453569,0.0589830580618846,0.78875,82.80888270378112,MRMR100
21,CD2,Boosting,0.8156856885804253,0.0645106918147675,0.7475,0.987464189529419,MRMR100
22,CD2,KNN,0.7226167984062721,0.0686093522919145,0.6025,0.1860249900817871,MRMR100
23,CD2,LogisticRegression,0.8220159372790952,0.0550874281256008,0.7475,0.2313234138488769,MRMR100
24,CD2,SVM,0.7911136816399973,0.0669040260831028,0.6875,0.1695321941375732,MRMR100
25,PAR1,RandomForest,0.689752380952381,0.0650193153850596,0.6269425287356323,634.4983728790284,MRMR100
26,PAR1,Boosting,0.6739428571428572,0.0874728442041702,0.620551724137931,1.0111732769012451,MRMR100
27,PAR1,KNN,0.6005142857142857,0.107561686075542,0.5660689655172413,0.2275803756713867,MRMR100
28,PAR1,LogisticRegression,0.6946539682539682,0.082221103381491,0.6378390804597701,0.2716371154785156,MRMR100
29,PAR1,SVM,0.5726285714285715,0.1327943458197036,0.5511724137931034,0.2074393558502197,MRMR100
30,PAR2,RandomForest,0.720851764992009,0.0527621061666831,0.6377928539122569,399.7784282207489,MRMR100
31,PAR2,Boosting,0.6982609443402125,0.0515456338446217,0.6558661239258253,1.208853940963745,MRMR100
32,PAR2,KNN,0.5578164825237996,0.0538985960255985,0.6060334690185436,0.2692557621002197,MRMR100
33,PAR2,LogisticRegression,0.6683788131471059,0.0682373651697519,0.6203889642695612,0.3436385440826416,MRMR100
34,PAR2,SVM,0.6426397227433813,0.0649284315885766,0.6030574400723654,0.2831377410888672,MRMR100
35,PAR3,RandomForest,0.7203875750750751,0.0489208990278882,0.6801009512715978,844.6952031993866,MRMR100
36,PAR3,Boosting,0.6893342573342573,0.0603719850243478,0.6552785866821976,1.5588475894927978,MRMR100
37,PAR3,KNN,0.5968202240702241,0.0407360712040217,0.655635798874005,0.4862072849273681,MRMR100
38,PAR3,LogisticRegression,0.6851215638715638,0.0473533348733294,0.6631877305377597,0.5934890747070313,MRMR100
39,PAR3,SVM,0.6530278644028644,0.0570805343444549,0.6493379926227917,0.5256506156921387,MRMR100
40,HIV,RandomForest,0.6961129412181428,0.0823560189455639,0.8377142857142857,1119.0642264938351,MRMR100
41,HIV,Boosting,0.5913844464516587,0.1001288731421005,0.8188571428571428,1.2563396167755128,MRMR100
42,HIV,KNN,0.5566940297185767,0.0752500390864269,0.8325714285714285,0.4228698062896728,MRMR100
43,HIV,LogisticRegression,0.6704478153835255,0.0588814033919974,0.8217142857142857,0.5058436393737793,MRMR100
44,HIV,SVM,0.6708584382693092,0.0658859427739161,0.8354285714285714,0.3942557430267334,MRMR100
45,OB,RandomForest,0.8291987179487178,0.0688887180077713,0.8021929824561402,484.3785476493836,MRMR100
46,OB,Boosting,0.7588636363636364,0.0527858919791283,0.7964035087719299,1.075037565231323,MRMR100
47,OB,KNN,0.6471561771561771,0.0677370307900359,0.7829573934837093,0.2435865020751953,MRMR100
48,OB,LogisticRegression,0.803018648018648,0.0555113584172563,0.8021303258145361,0.3006161880493164,MRMR100
49,OB,SVM,0.8055594405594405,0.0619817760575159,0.81265664160401,0.2260305976867676,MRMR100
50,CDI,RandomForest,0.9153990631340256,0.0246220834058837,0.8351799824407375,254.10122714042663,MRMR100
51,CDI,Boosting,0.8882659028523691,0.0363064825158705,0.8363125548726954,1.083134069442749,MRMR100
52,CDI,KNN,0.7319383279627641,0.0654866782597445,0.7267954345917471,0.2109944820404052,MRMR100
53,CDI,LogisticRegression,0.8517904881250746,0.0485902928739208,0.7963915715539948,0.2703248310089111,MRMR100
54,CDI,SVM,0.8326333691371284,0.0533152453622136,0.7469973661106234,0.2139628887176513,MRMR100
55,CIR,RandomForest,0.8574545454545455,0.0840102752909049,0.7433333333333334,200.86382619857787,MRMR100
56,CIR,Boosting,0.8361636363636363,0.0831919761971145,0.7751666666666668,0.8862698650360108,MRMR100
57,CIR,KNN,0.5206363636363637,0.112046182922213,0.6598333333333334,0.1754658222198486,MRMR100
58,CIR,LogisticRegression,0.7651878787878788,0.1574708116729117,0.6725,0.203951301574707,MRMR100
59,CIR,SVM,0.7302787878787879,0.1644629609608417,0.6833333333333332,0.1556037139892578,MRMR100
60,IBD1,RandomForest,0.7907032967032968,0.104695713226815,0.7671345029239766,197.9188258457184,MRMR100
61,IBD1,Boosting,0.7238901098901099,0.1204997413212798,0.7321637426900586,0.8935994052886963,MRMR100
62,IBD1,KNN,0.6832472527472528,0.1129748794683793,0.7450292397660817,0.1798806095123291,MRMR100
63,IBD1,LogisticRegression,0.7433516483516485,0.0661339004650849,0.7476023391812866,0.2019139766693115,MRMR100
64,IBD1,SVM,0.7326593406593406,0.0796179941783328,0.7187134502923977,0.1548516941070556,MRMR100
65,IBD2,RandomForest,0.7105030525030526,0.0907999107213882,0.6474308300395256,102.05934818267822,MRMR100
66,IBD2,Boosting,0.6887326007326009,0.1041287681937846,0.6495652173913042,0.9358280181884766,MRMR100
67,IBD2,KNN,0.6155653235653236,0.090712705284987,0.5965217391304348,0.1772858333587646,MRMR100
68,IBD2,LogisticRegression,0.6801123321123321,0.0748396366857625,0.6087747035573122,0.2043937683105468,MRMR100
69,IBD2,SVM,0.6510720390720391,0.0740842711296819,0.5965217391304348,0.1541867733001709,MRMR100
70,MHE,RandomForest,0.7305454545454545,0.1308571165061809,0.6678333333333333,201.3842910861969,MRMR100
71,MHE,Boosting,0.7174363636363635,0.1508368326458913,0.7273333333333334,0.9165044784545898,MRMR100
72,MHE,KNN,0.575739393939394,0.1090645112842452,0.6625,0.1753820419311523,MRMR100
73,MHE,LogisticRegression,0.6594666666666665,0.1255457516508454,0.6675,0.2078322792053222,MRMR100
74,MHE,SVM,0.6419757575757575,0.1600837962386631,0.6341666666666667,0.1538704013824463,MRMR100
75,ART,RandomForest,0.5805359477124182,0.0999323142284715,0.7545454545454546,722.4171481895447,MRMR100
76,ART,Boosting,0.5689019607843138,0.1253071472694994,0.7214229249011856,0.982907943725586,MRMR100
77,ART,KNN,0.5062352941176471,0.0554168140697732,0.7545454545454546,0.2106814002990722,MRMR100
78,ART,LogisticRegression,0.5623660130718954,0.1085492305462204,0.7353359683794467,0.2484901905059814,MRMR100
79,ART,SVM,0.5518823529411765,0.1186893293664755,0.7214229249011856,0.1872979259490966,MRMR100
0,CRC2,RandomForest,0.7292087542087542,0.1004860987495309,0.664952380952381,2.1842214584350588,LASSO
1,CRC2,Boosting,0.6508148148148147,0.1332921294698854,0.6217142857142857,0.269301233291626,LASSO
2,CRC2,KNN,0.7043164983164983,0.105759069834667,0.5804761904761905,0.1415533828735351,LASSO
3,CRC2,LogisticRegression,0.7284646464646465,0.0996945864987261,0.6376190476190476,0.1568877983093261,LASSO
4,CRC2,SVM,0.722996632996633,0.1523172260781206,0.6513333333333332,0.1030308246612548,LASSO
10,CRC1,RandomForest,0.6782223379118375,0.0476456865591485,0.6302040816326531,7.479442014694213,LASSO
11,CRC1,Boosting,0.657389221934751,0.0481218153885008,0.6159183673469388,1.1862791538238526,LASSO
12,CRC1,KNN,0.5958641663686782,0.061726617631003,0.5551020408163265,0.8292098331451416,LASSO
13,CRC1,LogisticRegression,0.6057581596236231,0.0598343450408782,0.5604081632653062,0.942252597808838,LASSO
14,CRC1,SVM,0.5951850087293074,0.062460739120739,0.5722448979591837,0.8051461601257324,LASSO
15,CD1,RandomForest,0.7935657051282052,0.0662449234685574,0.7128571428571427,2.8089144706726072,LASSO
16,CD1,Boosting,0.794375,0.0572248557006529,0.7342857142857143,0.4320586967468262,LASSO
17,CD1,KNN,0.6400256410256411,0.1201172102357287,0.57,0.3019883251190186,LASSO
18,CD1,LogisticRegression,0.6832147435897435,0.0842829252039438,0.6171428571428571,0.3640334701538086,LASSO
19,CD1,SVM,0.6372564102564103,0.1070311706935932,0.5885714285714285,0.2732528018951416,LASSO
20,CD2,RandomForest,0.849660690187006,0.0638383561963758,0.78625,2.7373115158081056,LASSO
21,CD2,Boosting,0.808647259173575,0.0614660721831639,0.7475,0.4458741569519043,LASSO
22,CD2,KNN,0.7418385707859392,0.0490665958723312,0.66875,0.3094453716278076,LASSO
23,CD2,LogisticRegression,0.7568119015487437,0.0602569916998919,0.64,0.3752189636230468,LASSO
24,CD2,SVM,0.7630865625602468,0.0593974198027568,0.675,0.2797839641571045,LASSO
25,PAR1,RandomForest,0.6953142857142858,0.0797544874700159,0.6282758620689655,5.712900419235229,LASSO
26,PAR1,Boosting,0.683288888888889,0.0811748889752931,0.6297471264367817,0.6109929656982422,LASSO
27,PAR1,KNN,0.6077015873015874,0.0993470354325258,0.5591724137931035,0.5079295349121093,LASSO
28,PAR1,LogisticRegression,0.6138031746031747,0.1088842470203158,0.6080459770114942,0.5946842098236084,LASSO
29,PAR1,SVM,0.5677079365079366,0.1245736782800917,0.5460689655172414,0.4341982269287109,LASSO
30,PAR2,RandomForest,0.7292407059968035,0.0615710096194783,0.6432564450474898,4.653564624786377,LASSO
31,PAR2,Boosting,0.7113842332013064,0.0638078597448691,0.6612573496155585,0.8735555648803711,LASSO
32,PAR2,KNN,0.5345749079285664,0.0568852672349259,0.6090547263681592,0.6115175437927246,LASSO
33,PAR2,LogisticRegression,0.6307563060245986,0.0595662456766325,0.6053640886476708,0.7054714298248291,LASSO
34,PAR2,SVM,0.557202244458342,0.0853013436103082,0.538833107191316,0.562148962020874,LASSO
35,PAR3,RandomForest,0.7583725889350891,0.0393242653125352,0.6800931857891672,19.125737142562866,LASSO
36,PAR3,Boosting,0.7390757969507971,0.0467118867384997,0.6978140166957875,1.733414659500122,LASSO
37,PAR3,KNN,0.5429238276738277,0.0346209946028481,0.6445699864104059,1.3804054164886477,LASSO
38,PAR3,LogisticRegression,0.6331605884730884,0.0445516088542971,0.6236225975538731,1.5693374633789063,LASSO
39,PAR3,SVM,0.5890093266343266,0.0552701687742439,0.57706853038245,1.244921646118164,LASSO
40,HIV,RandomForest,0.687173724385881,0.0812019429107373,0.8382857142857142,20.36278980255127,LASSO
41,HIV,Boosting,0.5931801356640631,0.0855724321031622,0.8097142857142856,1.0608224201202392,LASSO
42,HIV,KNN,0.5776744948019057,0.0665797210865861,0.8377142857142856,1.0521772956848146,LASSO
43,HIV,LogisticRegression,0.6547157873297558,0.0940258809217454,0.8062857142857144,1.2845895957946778,LASSO
44,HIV,SVM,0.6346803659033349,0.0859887497008121,0.76,0.8779554462432861,LASSO
45,OB,RandomForest,0.8183566433566435,0.0573138012632881,0.79859649122807,5.848019104003907,LASSO
46,OB,Boosting,0.7512820512820513,0.0756092634430444,0.791390977443609,0.6398275566101074,LASSO
47,OB,KNN,0.658254662004662,0.0866293144029531,0.7801002506265664,0.5161393547058105,LASSO
48,OB,LogisticRegression,0.806404428904429,0.0675110284952815,0.8036090225563909,0.6110748291015625,LASSO
49,OB,SVM,0.7480128205128206,0.0824563104377966,0.6897243107769423,0.433700647354126,LASSO
50,CDI,RandomForest,0.9032378565461272,0.0306454668263403,0.8035733099209833,3.247023401260376,LASSO
51,CDI,Boosting,0.8794235588972431,0.0434070430628259,0.8392976294995611,0.632055311203003,LASSO
52,CDI,KNN,0.6473533536221505,0.0643649467022408,0.7255926251097453,0.4036912155151367,LASSO
53,CDI,LogisticRegression,0.7838372717508056,0.0540867644515018,0.730956979806848,0.4776172065734863,LASSO
54,CDI,SVM,0.7166656223893065,0.0604087967522142,0.6922563652326603,0.3799450874328613,LASSO
55,CIR,RandomForest,0.7654848484848487,0.1357859548259956,0.7063333333333333,2.6257619571685797,LASSO
56,CIR,Boosting,0.7237030303030302,0.1036685585293256,0.7295,0.3594380760192871,LASSO
57,CIR,KNN,0.5703272727272728,0.1178868711102525,0.6723333333333333,0.2680488300323486,LASSO
58,CIR,LogisticRegression,0.6930545454545455,0.1243044019840692,0.662,0.2902285766601562,LASSO
59,CIR,SVM,0.6242666666666667,0.1175086944011864,0.6328333333333332,0.2274263381958007,LASSO
60,IBD1,RandomForest,0.7140879120879121,0.1044580356989094,0.7628070175438597,2.578321161270141,LASSO
61,IBD1,Boosting,0.61889010989011,0.1331217207109995,0.7056140350877194,0.3640449142456055,LASSO
62,IBD1,KNN,0.6638131868131869,0.1514890371950757,0.7538011695906434,0.2643927097320556,LASSO
63,IBD1,LogisticRegression,0.7260000000000001,0.1284998304917976,0.7251461988304093,0.2850230026245117,LASSO
64,IBD1,SVM,0.6809780219780219,0.1315694426320669,0.6902923976608187,0.2262929916381836,LASSO
65,IBD2,RandomForest,0.6369010989010989,0.0883653659677877,0.6145454545454545,2.561181106567383,LASSO
66,IBD2,Boosting,0.6435799755799756,0.1109393991507581,0.6250592885375494,0.3618349075317383,LASSO
67,IBD2,KNN,0.6148742368742368,0.0821016980554599,0.6017391304347826,0.2435690689086914,LASSO
68,IBD2,LogisticRegression,0.5942759462759463,0.1091280007534807,0.5962845849802372,0.2535885047912598,LASSO
69,IBD2,SVM,0.570976800976801,0.096460629653508,0.5683794466403161,0.2081842994689941,LASSO
70,MHE,RandomForest,0.718448484848485,0.134081545846694,0.6883333333333335,2.6770984649658205,LASSO
71,MHE,Boosting,0.7119757575757576,0.1490302443713146,0.6845000000000002,0.3730746650695801,LASSO
72,MHE,KNN,0.5789333333333334,0.0958549225173068,0.6625,0.2653568363189697,LASSO
73,MHE,LogisticRegression,0.5898545454545454,0.1583150285489751,0.675,0.286780481338501,LASSO
74,MHE,SVM,0.6207757575757576,0.1278702303613791,0.6203333333333333,0.2278896617889404,LASSO
75,ART,RandomForest,0.5722875816993463,0.1318924774734331,0.7388932806324111,5.124998874664307,LASSO
76,ART,Boosting,0.5851633986928104,0.1472939877169085,0.7107509881422925,0.5570068836212159,LASSO
77,ART,KNN,0.5419346405228758,0.0925703291445244,0.7510671936758894,0.4714859676361084,LASSO
78,ART,LogisticRegression,0.592718954248366,0.1403190350100159,0.7316205533596839,0.5516977882385254,LASSO
79,ART,SVM,0.5561437908496731,0.1523435617607284,0.6861660079051384,0.3945157051086426,LASSO
