Dataset,Model,AUC,Method,Normalization
CDI,Boosting,0.9264127580856903,None,TSS
CIR,Boosting,0.790569696969697,None,TSS
CRC1,Boosting,0.627909551755327,None,TSS
CRC2,Boosting,0.7086464646464647,None,TSS
CD1,Boosting,0.7927788461538462,None,TSS
CD2,Boosting,0.8131990231990233,None,TSS
HIV,Boosting,0.7791002072153446,None,TSS
IBD1,Boosting,0.747769230769231,None,TSS
IBD2,Boosting,0.6647619047619048,None,TSS
MHE,Boosting,0.6879151515151516,None,TSS
OB,Boosting,0.806427738927739,None,TSS
PAR1,Boosting,0.6731301587301588,None,TSS
PAR2,Boosting,0.7401819539990271,None,TSS
PAR3,Boosting,0.7832286902286902,None,TSS
ART,Boosting,0.5863529411764705,None,TSS
CDI,KNN,0.6106083661534789,None,TSS
CIR,KNN,0.6321818181818182,None,TSS
CRC1,KNN,0.557048687799303,None,TSS
CRC2,KNN,0.683070707070707,None,TSS
CD1,KNN,0.6835689102564103,None,TSS
CD2,KNN,0.6767158280316175,None,TSS
HIV,KNN,0.5786080264952269,None,TSS
IBD1,KNN,0.7354285714285715,None,TSS
IBD2,KNN,0.6356996336996337,None,TSS
MHE,KNN,0.5423393939393939,None,TSS
OB,KNN,0.8005215617715618,None,TSS
PAR1,KNN,0.5702666666666666,None,TSS
PAR2,KNN,0.5987653394482663,None,TSS
PAR3,KNN,0.5297304082929083,None,TSS
ART,KNN,0.5681307189542484,None,TSS
CDI,LogisticRegression,0.8081495405179616,None,TSS
CIR,LogisticRegression,0.5728363636363636,None,TSS
CRC1,LogisticRegression,0.6403323517244764,None,TSS
CRC2,LogisticRegression,0.753872053872054,None,TSS
CD1,LogisticRegression,0.7468461538461538,None,TSS
CD2,LogisticRegression,0.7735222672064778,None,TSS
HIV,LogisticRegression,0.7764872571418451,None,TSS
IBD1,LogisticRegression,0.7057032967032967,None,TSS
IBD2,LogisticRegression,0.5785152625152625,None,TSS
MHE,LogisticRegression,0.6743393939393938,None,TSS
OB,LogisticRegression,0.8402738927738927,None,TSS
PAR1,LogisticRegression,0.5749968253968254,None,TSS
PAR2,LogisticRegression,0.6395527065527065,None,TSS
PAR3,LogisticRegression,0.651914039039039,None,TSS
ART,LogisticRegression,0.6416993464052289,None,TSS
CDI,RandomForest,0.8972693638859053,None,TSS
CIR,RandomForest,0.8468484848484849,None,TSS
CRC1,RandomForest,0.6882251915890143,None,TSS
CRC2,RandomForest,0.8247272727272726,None,TSS
CD1,RandomForest,0.8072692307692307,None,TSS
CD2,RandomForest,0.8297210976158346,None,TSS
HIV,RandomForest,0.716522811398615,None,TSS
IBD1,RandomForest,0.7818131868131867,None,TSS
IBD2,RandomForest,0.6892527472527473,None,TSS
MHE,RandomForest,0.8115818181818182,None,TSS
OB,RandomForest,0.8686247086247088,None,TSS
PAR1,RandomForest,0.6898349206349207,None,TSS
PAR2,RandomForest,0.7475655096935586,None,TSS
PAR3,RandomForest,0.7769632420882422,None,TSS
ART,RandomForest,0.6047843137254901,None,TSS
CDI,SVM,0.7997610096670248,None,TSS
CIR,SVM,0.5619030303030302,None,TSS
CRC1,SVM,0.650419799050644,None,TSS
CRC2,SVM,0.7564983164983166,None,TSS
CD1,SVM,0.7194198717948717,None,TSS
CD2,SVM,0.7137973137973138,None,TSS
HIV,SVM,0.7909853355294619,None,TSS
IBD1,SVM,0.5978021978021978,None,TSS
IBD2,SVM,0.5809181929181929,None,TSS
MHE,SVM,0.5133696969696969,None,TSS
OB,SVM,0.8703613053613053,None,TSS
PAR1,SVM,0.4741523809523809,None,TSS
PAR2,SVM,0.6172825029532346,None,TSS
PAR3,SVM,0.6271874133749133,None,TSS
ART,SVM,0.5663267973856209,None,TSS
CDI,Boosting,0.90952918009309,Rare,TSS
CIR,Boosting,0.5155454545454545,Rare,TSS
CRC1,Boosting,0.627909551755327,Rare,TSS
CRC2,Boosting,0.728915824915825,Rare,TSS
CD1,Boosting,0.7785384615384616,Rare,TSS
CD2,Boosting,0.7120834136623609,Rare,TSS
HIV,Boosting,0.6487521917007598,Rare,TSS
IBD1,Boosting,0.7618846153846154,Rare,TSS
IBD2,Boosting,0.5028180708180708,Rare,TSS
MHE,Boosting,0.5078848484848484,Rare,TSS
OB,Boosting,0.6214685314685314,Rare,TSS
PAR1,Boosting,0.6246730158730159,Rare,TSS
PAR2,Boosting,0.7111074977416442,Rare,TSS
PAR3,Boosting,0.7866334026334028,Rare,TSS
ART,Boosting,0.6566535947712419,Rare,TSS
CDI,KNN,0.5876927437641724,Rare,TSS
CIR,KNN,0.5156969696969697,Rare,TSS
CRC1,KNN,0.557048687799303,Rare,TSS
CRC2,KNN,0.6563164983164984,Rare,TSS
CD1,KNN,0.6604310897435898,Rare,TSS
CD2,KNN,0.6566859456333141,Rare,TSS
HIV,KNN,0.6321928076793653,Rare,TSS
IBD1,KNN,0.6735494505494506,Rare,TSS
IBD2,KNN,0.5513675213675214,Rare,TSS
MHE,KNN,0.4824,Rare,TSS
OB,KNN,0.6297319347319348,Rare,TSS
PAR1,KNN,0.5960761904761904,Rare,TSS
PAR2,KNN,0.598922521020082,Rare,TSS
PAR3,KNN,0.5084944848694849,Rare,TSS
ART,KNN,0.5656339869281046,Rare,TSS
CDI,LogisticRegression,0.8099236185702351,Rare,TSS
CIR,LogisticRegression,0.5717212121212121,Rare,TSS
CRC1,LogisticRegression,0.6402984651844373,Rare,TSS
CRC2,LogisticRegression,0.780080808080808,Rare,TSS
CD1,LogisticRegression,0.7482307692307693,Rare,TSS
CD2,LogisticRegression,0.7509562367457104,Rare,TSS
HIV,LogisticRegression,0.7685847369073552,Rare,TSS
IBD1,LogisticRegression,0.7181428571428572,Rare,TSS
IBD2,LogisticRegression,0.5877704517704517,Rare,TSS
MHE,LogisticRegression,0.6197818181818182,Rare,TSS
OB,LogisticRegression,0.7321445221445222,Rare,TSS
PAR1,LogisticRegression,0.5652571428571429,Rare,TSS
PAR2,LogisticRegression,0.6378635953026197,Rare,TSS
PAR3,LogisticRegression,0.6520426484176484,Rare,TSS
ART,LogisticRegression,0.655607843137255,Rare,TSS
CDI,RandomForest,0.8993637367227594,Rare,TSS
CIR,RandomForest,0.6044545454545455,Rare,TSS
CRC1,RandomForest,0.6882251915890143,Rare,TSS
CRC2,RandomForest,0.8034545454545453,Rare,TSS
CD1,RandomForest,0.8218637820512821,Rare,TSS
CD2,RandomForest,0.7862026862026862,Rare,TSS
HIV,RandomForest,0.7756164656500718,Rare,TSS
IBD1,RandomForest,0.7524395604395605,Rare,TSS
IBD2,RandomForest,0.6174700854700855,Rare,TSS
MHE,RandomForest,0.5742909090909091,Rare,TSS
OB,RandomForest,0.7192045454545454,Rare,TSS
PAR1,RandomForest,0.6573079365079366,Rare,TSS
PAR2,RandomForest,0.7303838510179973,Rare,TSS
PAR3,RandomForest,0.771386319011319,Rare,TSS
ART,RandomForest,0.6193594771241829,Rare,TSS
CDI,SVM,0.7991941162429884,Rare,TSS
CIR,SVM,0.5042060606060607,Rare,TSS
CRC1,SVM,0.650419799050644,Rare,TSS
CRC2,SVM,0.7382356902356902,Rare,TSS
CD1,SVM,0.7327435897435898,Rare,TSS
CD2,SVM,0.6764459224985541,Rare,TSS
HIV,SVM,0.7847647131749994,Rare,TSS
IBD1,SVM,0.7006593406593408,Rare,TSS
IBD2,SVM,0.5444078144078144,Rare,TSS
MHE,SVM,0.4694909090909091,Rare,TSS
OB,SVM,0.719020979020979,Rare,TSS
PAR1,SVM,0.4998412698412698,Rare,TSS
PAR2,SVM,0.6137439024390244,Rare,TSS
PAR3,SVM,0.6313926715176715,Rare,TSS
ART,SVM,0.5749803921568628,Rare,TSS
CDI,Boosting,0.912033338774918,RareQ5,TSS
CIR,Boosting,0.5868444444444445,RareQ5,TSS
CRC1,Boosting,0.627909551755327,RareQ5,TSS
CRC2,Boosting,0.7278181818181818,RareQ5,TSS
CD1,Boosting,0.7561313131313132,RareQ5,TSS
CD2,Boosting,0.7413247863247864,RareQ5,TSS
HIV,Boosting,0.7541511216056671,RareQ5,TSS
IBD1,Boosting,0.7333846153846153,RareQ5,TSS
IBD2,Boosting,0.6707834757834757,RareQ5,TSS
MHE,Boosting,0.5661999999999999,RareQ5,TSS
OB,Boosting,0.7632967303699012,RareQ5,TSS
PAR1,Boosting,0.6960973312401885,RareQ5,TSS
PAR2,Boosting,0.7191125506072873,RareQ5,TSS
PAR3,Boosting,0.7528564055859138,RareQ5,TSS
ART,Boosting,0.5203382352941177,RareQ5,TSS
CDI,KNN,0.5712866626761713,RareQ5,TSS
CIR,KNN,0.626,RareQ5,TSS
CRC1,KNN,0.557048687799303,RareQ5,TSS
CRC2,KNN,0.6393737373737374,RareQ5,TSS
CD1,KNN,0.6342752525252525,RareQ5,TSS
CD2,KNN,0.597079772079772,RareQ5,TSS
HIV,KNN,0.7452609208972847,RareQ5,TSS
IBD1,KNN,0.6759999999999999,RareQ5,TSS
IBD2,KNN,0.597948717948718,RareQ5,TSS
MHE,KNN,0.6105999999999999,RareQ5,TSS
OB,KNN,0.814611445465104,RareQ5,TSS
PAR1,KNN,0.6040266875981161,RareQ5,TSS
PAR2,KNN,0.601723076923077,RareQ5,TSS
PAR3,KNN,0.5218290831815423,RareQ5,TSS
ART,KNN,0.5503553921568628,RareQ5,TSS
CDI,LogisticRegression,0.8553602631308459,RareQ5,TSS
CIR,LogisticRegression,0.4945777777777778,RareQ5,TSS
CRC1,LogisticRegression,0.6411366469643747,RareQ5,TSS
CRC2,LogisticRegression,0.7376666666666667,RareQ5,TSS
CD1,LogisticRegression,0.7235656565656565,RareQ5,TSS
CD2,LogisticRegression,0.7686467236467236,RareQ5,TSS
HIV,LogisticRegression,0.7463105076741441,RareQ5,TSS
IBD1,LogisticRegression,0.691076923076923,RareQ5,TSS
IBD2,LogisticRegression,0.5342450142450142,RareQ5,TSS
MHE,LogisticRegression,0.5684,RareQ5,TSS
OB,LogisticRegression,0.8292031816422061,RareQ5,TSS
PAR1,LogisticRegression,0.5985787545787545,RareQ5,TSS
PAR2,LogisticRegression,0.6204032388663968,RareQ5,TSS
PAR3,LogisticRegression,0.6541247723132969,RareQ5,TSS
ART,LogisticRegression,0.5852990196078431,RareQ5,TSS
CDI,RandomForest,0.9072121552907316,RareQ5,TSS
CIR,RandomForest,0.7611555555555556,RareQ5,TSS
CRC1,RandomForest,0.6882251915890143,RareQ5,TSS
CRC2,RandomForest,0.8311717171717173,RareQ5,TSS
CD1,RandomForest,0.8211666666666667,RareQ5,TSS
CD2,RandomForest,0.8013319088319087,RareQ5,TSS
HIV,RandomForest,0.7846912632821723,RareQ5,TSS
IBD1,RandomForest,0.7756923076923077,RareQ5,TSS
IBD2,RandomForest,0.6391595441595441,RareQ5,TSS
MHE,RandomForest,0.7472,RareQ5,TSS
OB,RandomForest,0.8791283039453772,RareQ5,TSS
PAR1,RandomForest,0.6886101517530089,RareQ5,TSS
PAR2,RandomForest,0.7345012145748987,RareQ5,TSS
PAR3,RandomForest,0.7722551608986037,RareQ5,TSS
ART,RandomForest,0.6910122549019608,RareQ5,TSS
CDI,SVM,0.8203907662355722,RareQ5,TSS
CIR,SVM,0.4716444444444445,RareQ5,TSS
CRC1,SVM,0.650419799050644,RareQ5,TSS
CRC2,SVM,0.67360101010101,RareQ5,TSS
CD1,SVM,0.7060252525252525,RareQ5,TSS
CD2,SVM,0.6597578347578348,RareQ5,TSS
HIV,SVM,0.7659197166469893,RareQ5,TSS
IBD1,SVM,0.6629230769230768,RareQ5,TSS
IBD2,SVM,0.4728133903133903,RareQ5,TSS
MHE,SVM,0.3984,RareQ5,TSS
OB,SVM,0.8762531235701968,RareQ5,TSS
PAR1,SVM,0.4155489272632129,RareQ5,TSS
PAR2,SVM,0.6056720647773279,RareQ5,TSS
PAR3,SVM,0.6120684578020643,RareQ5,TSS
ART,SVM,0.5433676470588236,RareQ5,TSS
CDI,Boosting,0.9198564864542308,None,CLR
CIR,Boosting,0.7424787878787878,None,CLR
CRC1,Boosting,0.6747793343289652,None,CLR
CRC2,Boosting,0.6698451178451178,None,CLR
CD1,Boosting,0.7767852564102564,None,CLR
CD2,Boosting,0.8050363087205192,None,CLR
HIV,Boosting,0.740375555673627,None,CLR
IBD1,Boosting,0.7755164835164835,None,CLR
IBD2,Boosting,0.6447130647130648,None,CLR
MHE,Boosting,0.7432121212121211,None,CLR
OB,Boosting,0.8032925407925408,None,CLR
PAR1,Boosting,0.6522412698412698,None,CLR
PAR2,Boosting,0.7224141824751581,None,CLR
PAR3,Boosting,0.7697119427119427,None,CLR
ART,Boosting,0.5882614379084967,None,CLR
CDI,KNN,0.7522878625134263,None,CLR
CIR,KNN,0.5308363636363637,None,CLR
CRC1,KNN,0.570541925215428,None,CLR
CRC2,KNN,0.6134646464646465,None,CLR
CD1,KNN,0.6077115384615385,None,CLR
CD2,KNN,0.7005160336739283,None,CLR
HIV,KNN,0.6765913961355224,None,CLR
IBD1,KNN,0.6805659340659342,None,CLR
IBD2,KNN,0.6745641025641025,None,CLR
MHE,KNN,0.6714545454545454,None,CLR
OB,KNN,0.8303787878787879,None,CLR
PAR1,KNN,0.5189079365079364,None,CLR
PAR2,KNN,0.5453712389688,None,CLR
PAR3,KNN,0.6247041320166321,None,CLR
ART,KNN,0.4831895424836601,None,CLR
CDI,LogisticRegression,0.917062000238692,None,CLR
CIR,LogisticRegression,0.814739393939394,None,CLR
CRC1,LogisticRegression,0.6650893193944876,None,CLR
CRC2,LogisticRegression,0.7959932659932661,None,CLR
CD1,LogisticRegression,0.8252724358974359,None,CLR
CD2,LogisticRegression,0.8229021271126533,None,CLR
HIV,LogisticRegression,0.825718877849211,None,CLR
IBD1,LogisticRegression,0.8313956043956044,None,CLR
IBD2,LogisticRegression,0.6683369963369964,None,CLR
MHE,LogisticRegression,0.783490909090909,None,CLR
OB,LogisticRegression,0.9122727272727272,None,CLR
PAR1,LogisticRegression,0.6805714285714286,None,CLR
PAR2,LogisticRegression,0.7628913209644916,None,CLR
PAR3,LogisticRegression,0.7843857703857704,None,CLR
ART,LogisticRegression,0.643921568627451,None,CLR
CDI,RandomForest,0.8357906671440506,None,CLR
CIR,RandomForest,0.7501454545454547,None,CLR
CRC1,RandomForest,0.6456769279849673,None,CLR
CRC2,RandomForest,0.6873299663299663,None,CLR
CD1,RandomForest,0.6429983974358975,None,CLR
CD2,RandomForest,0.7425862733757471,None,CLR
HIV,RandomForest,0.6582227742061173,None,CLR
IBD1,RandomForest,0.7447252747252748,None,CLR
IBD2,RandomForest,0.5937289377289378,None,CLR
MHE,RandomForest,0.7373454545454546,None,CLR
OB,RandomForest,0.7879283216783217,None,CLR
PAR1,RandomForest,0.6271365079365079,None,CLR
PAR2,RandomForest,0.6393682683621709,None,CLR
PAR3,RandomForest,0.7114425386925386,None,CLR
ART,RandomForest,0.5517908496732026,None,CLR
CDI,SVM,0.9145102339181288,None,CLR
CIR,SVM,0.7968727272727273,None,CLR
CRC1,SVM,0.6619605112779845,None,CLR
CRC2,SVM,0.7507205387205387,None,CLR
CD1,SVM,0.8162820512820513,None,CLR
CD2,SVM,0.816621682411156,None,CLR
HIV,SVM,0.7903269397658644,None,CLR
IBD1,SVM,0.8356593406593406,None,CLR
IBD2,SVM,0.6343296703296702,None,CLR
MHE,SVM,0.818909090909091,None,CLR
OB,SVM,0.923997668997669,None,CLR
PAR1,SVM,0.5422857142857143,None,CLR
PAR2,SVM,0.7625844972552289,None,CLR
PAR3,SVM,0.7824380341880343,None,CLR
ART,SVM,0.5489150326797385,None,CLR
CDI,Boosting,0.8836224489795919,Rare,CLR
CIR,Boosting,0.5466545454545454,Rare,CLR
CRC1,Boosting,0.6747793343289652,Rare,CLR
CRC2,Boosting,0.6167340067340068,Rare,CLR
CD1,Boosting,0.7729102564102565,Rare,CLR
CD2,Boosting,0.7328298309877258,Rare,CLR
HIV,Boosting,0.6552075695588262,Rare,CLR
IBD1,Boosting,0.7242747252747254,Rare,CLR
IBD2,Boosting,0.600043956043956,Rare,CLR
MHE,Boosting,0.5635272727272728,Rare,CLR
OB,Boosting,0.645696386946387,Rare,CLR
PAR1,Boosting,0.5975746031746031,Rare,CLR
PAR2,Boosting,0.7229452782989368,Rare,CLR
PAR3,Boosting,0.7714307288057287,Rare,CLR
ART,Boosting,0.6696732026143792,Rare,CLR
CDI,KNN,0.6976981143334526,Rare,CLR
CIR,KNN,0.4820121212121212,Rare,CLR
CRC1,KNN,0.570541925215428,Rare,CLR
CRC2,KNN,0.526074074074074,Rare,CLR
CD1,KNN,0.6824855769230769,Rare,CLR
CD2,KNN,0.6579573934837092,Rare,CLR
HIV,KNN,0.6353115757221544,Rare,CLR
IBD1,KNN,0.5983461538461539,Rare,CLR
IBD2,KNN,0.568954822954823,Rare,CLR
MHE,KNN,0.5085454545454546,Rare,CLR
OB,KNN,0.5057692307692307,Rare,CLR
PAR1,KNN,0.5312571428571429,Rare,CLR
PAR2,KNN,0.6021794698075186,Rare,CLR
PAR3,KNN,0.613201258951259,Rare,CLR
ART,KNN,0.4881830065359477,Rare,CLR
CDI,LogisticRegression,0.8993403150733978,Rare,CLR
CIR,LogisticRegression,0.5767030303030303,Rare,CLR
CRC1,LogisticRegression,0.6650893193944876,Rare,CLR
CRC2,LogisticRegression,0.7975420875420874,Rare,CLR
CD1,LogisticRegression,0.8201057692307693,Rare,CLR
CD2,LogisticRegression,0.7881106612685561,Rare,CLR
HIV,LogisticRegression,0.755324637373147,Rare,CLR
IBD1,LogisticRegression,0.8410219780219781,Rare,CLR
IBD2,LogisticRegression,0.6204395604395605,Rare,CLR
MHE,LogisticRegression,0.6304727272727273,Rare,CLR
OB,LogisticRegression,0.7351340326340324,Rare,CLR
PAR1,LogisticRegression,0.6860571428571428,Rare,CLR
PAR2,LogisticRegression,0.7401987700646236,Rare,CLR
PAR3,LogisticRegression,0.7774534823284823,Rare,CLR
ART,LogisticRegression,0.6589803921568628,Rare,CLR
CDI,RandomForest,0.8191936686955483,Rare,CLR
CIR,RandomForest,0.4903575757575757,Rare,CLR
CRC1,RandomForest,0.6456769279849673,Rare,CLR
CRC2,RandomForest,0.6315185185185185,Rare,CLR
CD1,RandomForest,0.668076923076923,Rare,CLR
CD2,RandomForest,0.6755729066255383,Rare,CLR
HIV,RandomForest,0.6907644829357277,Rare,CLR
IBD1,RandomForest,0.7154725274725275,Rare,CLR
IBD2,RandomForest,0.5862100122100122,Rare,CLR
MHE,RandomForest,0.5691939393939394,Rare,CLR
OB,RandomForest,0.5461946386946387,Rare,CLR
PAR1,RandomForest,0.5123555555555556,Rare,CLR
PAR2,RandomForest,0.6655372281286915,Rare,CLR
PAR3,RandomForest,0.7120705128205128,Rare,CLR
ART,RandomForest,0.5505490196078431,Rare,CLR
CDI,SVM,0.9010359231411864,Rare,CLR
CIR,SVM,0.5691636363636364,Rare,CLR
CRC1,SVM,0.6619605112779845,Rare,CLR
CRC2,SVM,0.770040404040404,Rare,CLR
CD1,SVM,0.8114727564102564,Rare,CLR
CD2,SVM,0.7892667566351775,Rare,CLR
HIV,SVM,0.7897656872642261,Rare,CLR
IBD1,SVM,0.8518021978021977,Rare,CLR
IBD2,SVM,0.501885225885226,Rare,CLR
MHE,SVM,0.5678181818181818,Rare,CLR
OB,SVM,0.7322261072261073,Rare,CLR
PAR1,SVM,0.5397968253968254,Rare,CLR
PAR2,SVM,0.7395827774303383,Rare,CLR
PAR3,SVM,0.7816535718410718,Rare,CLR
ART,SVM,0.587843137254902,Rare,CLR
CDI,Boosting,0.9105659247973008,RareQ5,CLR
CIR,Boosting,0.5133777777777778,RareQ5,CLR
CRC1,Boosting,0.6747793343289652,RareQ5,CLR
CRC2,Boosting,0.7308282828282828,RareQ5,CLR
CD1,Boosting,0.7239545454545454,RareQ5,CLR
CD2,Boosting,0.7662108262108263,RareQ5,CLR
HIV,Boosting,0.7210649350649351,RareQ5,CLR
IBD1,Boosting,0.7816153846153846,RareQ5,CLR
IBD2,Boosting,0.6635042735042735,RareQ5,CLR
MHE,Boosting,0.4873999999999999,RareQ5,CLR
OB,Boosting,0.7552949354168866,RareQ5,CLR
PAR1,Boosting,0.6638733647305076,RareQ5,CLR
PAR2,Boosting,0.7249765182186235,RareQ5,CLR
PAR3,Boosting,0.7467720097146326,RareQ5,CLR
ART,Boosting,0.5422892156862745,RareQ5,CLR
CDI,KNN,0.7189035509362549,RareQ5,CLR
CIR,KNN,0.5426222222222222,RareQ5,CLR
CRC1,KNN,0.570541925215428,RareQ5,CLR
CRC2,KNN,0.5891717171717172,RareQ5,CLR
CD1,KNN,0.6320555555555556,RareQ5,CLR
CD2,KNN,0.6574358974358974,RareQ5,CLR
HIV,KNN,0.700551948051948,RareQ5,CLR
IBD1,KNN,0.6443846153846153,RareQ5,CLR
IBD2,KNN,0.5860897435897435,RareQ5,CLR
MHE,KNN,0.5721,RareQ5,CLR
OB,KNN,0.7759532608313096,RareQ5,CLR
PAR1,KNN,0.4920847723704867,RareQ5,CLR
PAR2,KNN,0.5496072874493927,RareQ5,CLR
PAR3,KNN,0.6200680024286581,RareQ5,CLR
ART,KNN,0.4480343137254901,RareQ5,CLR
CDI,LogisticRegression,0.915636574703887,RareQ5,CLR
CIR,LogisticRegression,0.7149333333333332,RareQ5,CLR
CRC1,LogisticRegression,0.6650893193944876,RareQ5,CLR
CRC2,LogisticRegression,0.7845858585858586,RareQ5,CLR
CD1,LogisticRegression,0.8292777777777777,RareQ5,CLR
CD2,LogisticRegression,0.8137321937321939,RareQ5,CLR
HIV,LogisticRegression,0.823478158205431,RareQ5,CLR
IBD1,LogisticRegression,0.7492307692307691,RareQ5,CLR
IBD2,LogisticRegression,0.6031623931623932,RareQ5,CLR
MHE,LogisticRegression,0.6958,RareQ5,CLR
OB,LogisticRegression,0.8938255376060253,RareQ5,CLR
PAR1,LogisticRegression,0.7166216640502354,RareQ5,CLR
PAR2,LogisticRegression,0.7356259109311742,RareQ5,CLR
PAR3,LogisticRegression,0.7775543412264722,RareQ5,CLR
ART,LogisticRegression,0.6232450980392157,RareQ5,CLR
CDI,RandomForest,0.8537115536933244,RareQ5,CLR
CIR,RandomForest,0.5469333333333334,RareQ5,CLR
CRC1,RandomForest,0.6456769279849673,RareQ5,CLR
CRC2,RandomForest,0.5985959595959596,RareQ5,CLR
CD1,RandomForest,0.6446060606060606,RareQ5,CLR
CD2,RandomForest,0.737948717948718,RareQ5,CLR
HIV,RandomForest,0.7039374262101535,RareQ5,CLR
IBD1,RandomForest,0.7756923076923077,RareQ5,CLR
IBD2,RandomForest,0.6168945868945869,RareQ5,CLR
MHE,RandomForest,0.5772999999999999,RareQ5,CLR
OB,RandomForest,0.8256284975187413,RareQ5,CLR
PAR1,RandomForest,0.4773516483516483,RareQ5,CLR
PAR2,RandomForest,0.6857417004048583,RareQ5,CLR
PAR3,RandomForest,0.6860359744990892,RareQ5,CLR
ART,RandomForest,0.5738725490196078,RareQ5,CLR
CDI,SVM,0.9133216036954404,RareQ5,CLR
CIR,SVM,0.6808888888888889,RareQ5,CLR
CRC1,SVM,0.6619605112779845,RareQ5,CLR
CRC2,SVM,0.6708080808080809,RareQ5,CLR
CD1,SVM,0.8309343434343434,RareQ5,CLR
CD2,SVM,0.8284900284900284,RareQ5,CLR
HIV,SVM,0.8449043683589137,RareQ5,CLR
IBD1,SVM,0.7493846153846152,RareQ5,CLR
IBD2,SVM,0.6061823361823362,RareQ5,CLR
MHE,SVM,0.6722000000000001,RareQ5,CLR
OB,SVM,0.915580192165558,RareQ5,CLR
PAR1,SVM,0.5484908424908426,RareQ5,CLR
PAR2,SVM,0.7445214574898786,RareQ5,CLR
PAR3,SVM,0.7721270491803278,RareQ5,CLR
ART,SVM,0.5549460784313726,RareQ5,CLR
CDI,Boosting,0.9209115049528585,None,LogTSS
CIR,Boosting,0.8416848484848484,None,LogTSS
CRC1,Boosting,0.627909551755327,None,LogTSS
CRC2,Boosting,0.6436632996632996,None,LogTSS
CD1,Boosting,0.7549230769230769,None,LogTSS
CD2,Boosting,0.7933204806889016,None,LogTSS
HIV,Boosting,0.7302777925367054,None,LogTSS
IBD1,Boosting,0.7851538461538462,None,LogTSS
IBD2,Boosting,0.6227448107448107,None,LogTSS
MHE,Boosting,0.727339393939394,None,LogTSS
OB,Boosting,0.8080594405594407,None,LogTSS
PAR1,Boosting,0.7340444444444444,None,LogTSS
PAR2,Boosting,0.7193231186158014,None,LogTSS
PAR3,Boosting,0.7745315892815893,None,LogTSS
ART,Boosting,0.6256209150326797,None,LogTSS
CDI,KNN,0.7194624955245256,None,LogTSS
CIR,KNN,0.5976727272727272,None,LogTSS
CRC1,KNN,0.582797027828611,None,LogTSS
CRC2,KNN,0.6548754208754209,None,LogTSS
CD1,KNN,0.5967243589743589,None,LogTSS
CD2,KNN,0.6236925647451963,None,LogTSS
HIV,KNN,0.5585757044436179,None,LogTSS
IBD1,KNN,0.7134395604395606,None,LogTSS
IBD2,KNN,0.5904688644688645,None,LogTSS
MHE,KNN,0.7453636363636365,None,LogTSS
OB,KNN,0.7402942890442891,None,LogTSS
PAR1,KNN,0.6280761904761905,None,LogTSS
PAR2,KNN,0.5389002501563478,None,LogTSS
PAR3,KNN,0.6473758373758375,None,LogTSS
ART,KNN,0.5818692810457516,None,LogTSS
CDI,LogisticRegression,0.9168077932927556,None,LogTSS
CIR,LogisticRegression,0.8328242424242426,None,LogTSS
CRC1,LogisticRegression,0.666451441913296,None,LogTSS
CRC2,LogisticRegression,0.7934410774410775,None,LogTSS
CD1,LogisticRegression,0.8271089743589745,None,LogTSS
CD2,LogisticRegression,0.8256101792943897,None,LogTSS
HIV,LogisticRegression,0.8237432477905885,None,LogTSS
IBD1,LogisticRegression,0.8323516483516484,None,LogTSS
IBD2,LogisticRegression,0.6431404151404152,None,LogTSS
MHE,LogisticRegression,0.7365333333333334,None,LogTSS
OB,LogisticRegression,0.9108333333333334,None,LogTSS
PAR1,LogisticRegression,0.6733587301587302,None,LogTSS
PAR2,LogisticRegression,0.767195695226183,None,LogTSS
PAR3,LogisticRegression,0.77469712982213,None,LogTSS
ART,LogisticRegression,0.6304183006535947,None,LogTSS
CDI,RandomForest,0.8414549767275331,None,LogTSS
CIR,RandomForest,0.8027272727272728,None,LogTSS
CRC1,RandomForest,0.6910433590655084,None,LogTSS
CRC2,RandomForest,0.6256734006734007,None,LogTSS
CD1,RandomForest,0.6626570512820513,None,LogTSS
CD2,RandomForest,0.68044341623289,None,LogTSS
HIV,RandomForest,0.6911554912066309,None,LogTSS
IBD1,RandomForest,0.7672967032967033,None,LogTSS
IBD2,RandomForest,0.5803125763125764,None,LogTSS
MHE,RandomForest,0.7176363636363636,None,LogTSS
OB,RandomForest,0.8017395104895104,None,LogTSS
PAR1,RandomForest,0.628584126984127,None,LogTSS
PAR2,RandomForest,0.6031254951011049,None,LogTSS
PAR3,RandomForest,0.7018588011088012,None,LogTSS
ART,RandomForest,0.5706535947712418,None,LogTSS
CDI,SVM,0.9071649361498986,None,LogTSS
CIR,SVM,0.7948969696969695,None,LogTSS
CRC1,SVM,0.6691336705860906,None,LogTSS
CRC2,SVM,0.7763973063973063,None,LogTSS
CD1,SVM,0.8080416666666668,None,LogTSS
CD2,SVM,0.8119423558897242,None,LogTSS
HIV,SVM,0.7856911605830367,None,LogTSS
IBD1,SVM,0.8402307692307691,None,LogTSS
IBD2,SVM,0.6031208791208791,None,LogTSS
MHE,SVM,0.8116,None,LogTSS
OB,SVM,0.9104428904428904,None,LogTSS
PAR1,SVM,0.6712253968253968,None,LogTSS
PAR2,SVM,0.7450911159752622,None,LogTSS
PAR3,SVM,0.7844225427350427,None,LogTSS
ART,SVM,0.5376209150326797,None,LogTSS
CDI,Boosting,0.90952918009309,Rare,LogTSS
CIR,Boosting,0.5155454545454545,Rare,LogTSS
CRC1,Boosting,0.627909551755327,Rare,LogTSS
CRC2,Boosting,0.728915824915825,Rare,LogTSS
CD1,Boosting,0.7785384615384616,Rare,LogTSS
CD2,Boosting,0.7120834136623609,Rare,LogTSS
HIV,Boosting,0.6487521917007598,Rare,LogTSS
IBD1,Boosting,0.7618846153846154,Rare,LogTSS
IBD2,Boosting,0.5028180708180708,Rare,LogTSS
MHE,Boosting,0.5078848484848484,Rare,LogTSS
OB,Boosting,0.6214685314685314,Rare,LogTSS
PAR1,Boosting,0.6246730158730159,Rare,LogTSS
PAR2,Boosting,0.7111074977416442,Rare,LogTSS
PAR3,Boosting,0.7866334026334028,Rare,LogTSS
ART,Boosting,0.6566535947712419,Rare,LogTSS
CDI,KNN,0.6231234335839599,Rare,LogTSS
CIR,KNN,0.5112363636363636,Rare,LogTSS
CRC1,KNN,0.582797027828611,Rare,LogTSS
CRC2,KNN,0.710774410774411,Rare,LogTSS
CD1,KNN,0.7470961538461539,Rare,LogTSS
CD2,KNN,0.7034930274403959,Rare,LogTSS
HIV,KNN,0.6611363193595807,Rare,LogTSS
IBD1,KNN,0.6768736263736264,Rare,LogTSS
IBD2,KNN,0.5156288156288156,Rare,LogTSS
MHE,KNN,0.4987636363636363,Rare,LogTSS
OB,KNN,0.6322027972027972,Rare,LogTSS
PAR1,KNN,0.607568253968254,Rare,LogTSS
PAR2,KNN,0.6460141407824335,Rare,LogTSS
PAR3,KNN,0.6670515419265419,Rare,LogTSS
ART,KNN,0.5100915032679738,Rare,LogTSS
CDI,LogisticRegression,0.8951894617496123,Rare,LogTSS
CIR,LogisticRegression,0.5701212121212121,Rare,LogTSS
CRC1,LogisticRegression,0.666451441913296,Rare,LogTSS
CRC2,LogisticRegression,0.7925925925925925,Rare,LogTSS
CD1,LogisticRegression,0.8211121794871796,Rare,LogTSS
CD2,LogisticRegression,0.7886768202557676,Rare,LogTSS
HIV,LogisticRegression,0.752760214653844,Rare,LogTSS
IBD1,LogisticRegression,0.8468351648351649,Rare,LogTSS
IBD2,LogisticRegression,0.6280927960927961,Rare,LogTSS
MHE,LogisticRegression,0.6439393939393939,Rare,LogTSS
OB,LogisticRegression,0.7377156177156177,Rare,LogTSS
PAR1,LogisticRegression,0.6902603174603175,Rare,LogTSS
PAR2,LogisticRegression,0.7399730039608088,Rare,LogTSS
PAR3,LogisticRegression,0.7739495264495264,Rare,LogTSS
ART,LogisticRegression,0.6703790849673203,Rare,LogTSS
CDI,RandomForest,0.8994384771452439,Rare,LogTSS
CIR,RandomForest,0.6010484848484849,Rare,LogTSS
CRC1,RandomForest,0.6910433590655084,Rare,LogTSS
CRC2,RandomForest,0.8094579124579124,Rare,LogTSS
CD1,RandomForest,0.8269903846153847,Rare,LogTSS
CD2,RandomForest,0.7888651114966904,Rare,LogTSS
HIV,RandomForest,0.7837567079326284,Rare,LogTSS
IBD1,RandomForest,0.7836208791208792,Rare,LogTSS
IBD2,RandomForest,0.635997557997558,Rare,LogTSS
MHE,RandomForest,0.6210181818181819,Rare,LogTSS
OB,RandomForest,0.7312937062937063,Rare,LogTSS
PAR1,RandomForest,0.639136507936508,Rare,LogTSS
PAR2,RandomForest,0.7386526996039193,Rare,LogTSS
PAR3,RandomForest,0.7698331167706166,Rare,LogTSS
ART,RandomForest,0.6056993464052288,Rare,LogTSS
CDI,SVM,0.8993277837450768,Rare,LogTSS
CIR,SVM,0.5723030303030303,Rare,LogTSS
CRC1,SVM,0.6691336705860906,Rare,LogTSS
CRC2,SVM,0.7559797979797979,Rare,LogTSS
CD1,SVM,0.8085528846153847,Rare,LogTSS
CD2,SVM,0.7886350491613647,Rare,LogTSS
HIV,SVM,0.7899505871101428,Rare,LogTSS
IBD1,SVM,0.8514505494505493,Rare,LogTSS
IBD2,SVM,0.5098095238095238,Rare,LogTSS
MHE,SVM,0.5718909090909091,Rare,LogTSS
OB,SVM,0.7341608391608391,Rare,LogTSS
PAR1,SVM,0.5092825396825398,Rare,LogTSS
PAR2,SVM,0.7387073344451394,Rare,LogTSS
PAR3,SVM,0.7816815517440519,Rare,LogTSS
ART,SVM,0.5853333333333334,Rare,LogTSS
CDI,Boosting,0.912033338774918,RareQ5,LogTSS
CIR,Boosting,0.5868444444444445,RareQ5,LogTSS
CRC1,Boosting,0.627909551755327,RareQ5,LogTSS
CRC2,Boosting,0.7278181818181818,RareQ5,LogTSS
CD1,Boosting,0.7561313131313132,RareQ5,LogTSS
CD2,Boosting,0.7413247863247864,RareQ5,LogTSS
HIV,Boosting,0.7541511216056671,RareQ5,LogTSS
IBD1,Boosting,0.7333846153846153,RareQ5,LogTSS
IBD2,Boosting,0.6707834757834757,RareQ5,LogTSS
MHE,Boosting,0.5661999999999999,RareQ5,LogTSS
OB,Boosting,0.7632967303699012,RareQ5,LogTSS
PAR1,Boosting,0.6960973312401885,RareQ5,LogTSS
PAR2,Boosting,0.7191125506072873,RareQ5,LogTSS
PAR3,Boosting,0.7528564055859138,RareQ5,LogTSS
ART,Boosting,0.5203382352941177,RareQ5,LogTSS
CDI,KNN,0.6325030382180624,RareQ5,LogTSS
CIR,KNN,0.6229777777777777,RareQ5,LogTSS
CRC1,KNN,0.582797027828611,RareQ5,LogTSS
CRC2,KNN,0.6934040404040404,RareQ5,LogTSS
CD1,KNN,0.7442474747474748,RareQ5,LogTSS
CD2,KNN,0.726766381766382,RareQ5,LogTSS
HIV,KNN,0.8095194805194805,RareQ5,LogTSS
IBD1,KNN,0.6641538461538461,RareQ5,LogTSS
IBD2,KNN,0.6100925925925926,RareQ5,LogTSS
MHE,KNN,0.6058,RareQ5,LogTSS
OB,KNN,0.8354590328370816,RareQ5,LogTSS
PAR1,KNN,0.6047231815803245,RareQ5,LogTSS
PAR2,KNN,0.6468761133603238,RareQ5,LogTSS
PAR3,KNN,0.6487346690953248,RareQ5,LogTSS
ART,KNN,0.5602205882352941,RareQ5,LogTSS
CDI,LogisticRegression,0.915779386068334,RareQ5,LogTSS
CIR,LogisticRegression,0.7015111111111112,RareQ5,LogTSS
CRC1,LogisticRegression,0.666451441913296,RareQ5,LogTSS
CRC2,LogisticRegression,0.7791010101010101,RareQ5,LogTSS
CD1,LogisticRegression,0.824909090909091,RareQ5,LogTSS
CD2,LogisticRegression,0.8156695156695157,RareQ5,LogTSS
HIV,LogisticRegression,0.8215537190082643,RareQ5,LogTSS
IBD1,LogisticRegression,0.7698461538461538,RareQ5,LogTSS
IBD2,LogisticRegression,0.6032051282051282,RareQ5,LogTSS
MHE,LogisticRegression,0.6948000000000001,RareQ5,LogTSS
OB,LogisticRegression,0.8944018583042974,RareQ5,LogTSS
PAR1,LogisticRegression,0.720915750915751,RareQ5,LogTSS
PAR2,LogisticRegression,0.7309246963562753,RareQ5,LogTSS
PAR3,LogisticRegression,0.7753896478445658,RareQ5,LogTSS
ART,LogisticRegression,0.6358676470588235,RareQ5,LogTSS
CDI,RandomForest,0.9072944441421342,RareQ5,LogTSS
CIR,RandomForest,0.7770666666666668,RareQ5,LogTSS
CRC1,RandomForest,0.6910433590655084,RareQ5,LogTSS
CRC2,RandomForest,0.8302727272727273,RareQ5,LogTSS
CD1,RandomForest,0.820328282828283,RareQ5,LogTSS
CD2,RandomForest,0.8077564102564102,RareQ5,LogTSS
HIV,RandomForest,0.7841953955135774,RareQ5,LogTSS
IBD1,RandomForest,0.7780769230769231,RareQ5,LogTSS
IBD2,RandomForest,0.6342592592592593,RareQ5,LogTSS
MHE,RandomForest,0.7245999999999999,RareQ5,LogTSS
OB,RandomForest,0.8977296484003802,RareQ5,LogTSS
PAR1,RandomForest,0.6996305599162743,RareQ5,LogTSS
PAR2,RandomForest,0.7333489878542511,RareQ5,LogTSS
PAR3,RandomForest,0.7733630843958713,RareQ5,LogTSS
ART,RandomForest,0.6917107843137255,RareQ5,LogTSS
CDI,SVM,0.9134260821195574,RareQ5,LogTSS
CIR,SVM,0.6762666666666668,RareQ5,LogTSS
CRC1,SVM,0.6691336705860906,RareQ5,LogTSS
CRC2,SVM,0.6791464646464647,RareQ5,LogTSS
CD1,SVM,0.8248484848484848,RareQ5,LogTSS
CD2,SVM,0.830925925925926,RareQ5,LogTSS
HIV,SVM,0.8458134592680047,RareQ5,LogTSS
IBD1,SVM,0.7656923076923077,RareQ5,LogTSS
IBD2,SVM,0.5987606837606837,RareQ5,LogTSS
MHE,SVM,0.6679999999999999,RareQ5,LogTSS
OB,SVM,0.915580192165558,RareQ5,LogTSS
PAR1,SVM,0.5223432757718472,RareQ5,LogTSS
PAR2,SVM,0.74222995951417,RareQ5,LogTSS
PAR3,SVM,0.7726432908318154,RareQ5,LogTSS
ART,SVM,0.5490343137254903,RareQ5,LogTSS
CDI,Boosting,0.9092418546365916,None,PA
CIR,Boosting,0.7592848484848485,None,PA
CRC1,Boosting,0.65101998275173,None,PA
CRC2,Boosting,0.6376296296296295,None,PA
CD1,Boosting,0.7375448717948718,None,PA
CD2,Boosting,0.7853177816335711,None,PA
HIV,Boosting,0.7356428988895383,None,PA
IBD1,Boosting,0.7796813186813187,None,PA
IBD2,Boosting,0.611921855921856,None,PA
MHE,Boosting,0.7144242424242424,None,PA
OB,Boosting,0.8658682983682984,None,PA
PAR1,Boosting,0.5828571428571429,None,PA
PAR2,Boosting,0.7174655340143145,None,PA
PAR3,Boosting,0.7524006699006699,None,PA
ART,Boosting,0.5771764705882352,None,PA
CDI,KNN,0.6929447129729084,None,PA
CIR,KNN,0.5722787878787879,None,PA
CRC1,KNN,0.5695970600814736,None,PA
CRC2,KNN,0.7421077441077442,None,PA
CD1,KNN,0.7503990384615384,None,PA
CD2,KNN,0.7590338024548552,None,PA
HIV,KNN,0.6938157288844023,None,PA
IBD1,KNN,0.7748791208791208,None,PA
IBD2,KNN,0.6727374847374847,None,PA
MHE,KNN,0.6734545454545454,None,PA
OB,KNN,0.7708682983682984,None,PA
PAR1,KNN,0.5450539682539683,None,PA
PAR2,KNN,0.6761216037801403,None,PA
PAR3,KNN,0.6824140967890968,None,PA
ART,KNN,0.5485098039215687,None,PA
CDI,LogisticRegression,0.9224143692564744,None,PA
CIR,LogisticRegression,0.8705333333333333,None,PA
CRC1,LogisticRegression,0.6750141001100805,None,PA
CRC2,LogisticRegression,0.7844511784511785,None,PA
CD1,LogisticRegression,0.7817115384615385,None,PA
CD2,LogisticRegression,0.812002442002442,None,PA
HIV,LogisticRegression,0.7586568195101218,None,PA
IBD1,LogisticRegression,0.813945054945055,None,PA
IBD2,LogisticRegression,0.6915750915750916,None,PA
MHE,LogisticRegression,0.788290909090909,None,PA
OB,LogisticRegression,0.9314102564102564,None,PA
PAR1,LogisticRegression,0.6458412698412698,None,PA
PAR2,LogisticRegression,0.7740159127232298,None,PA
PAR3,LogisticRegression,0.7876701605451605,None,PA
ART,LogisticRegression,0.6098562091503268,None,PA
CDI,RandomForest,0.9034944504117436,None,PA
CIR,RandomForest,0.7992060606060606,None,PA
CRC1,RandomForest,0.689632583804856,None,PA
CRC2,RandomForest,0.8178484848484848,None,PA
CD1,RandomForest,0.7864118589743591,None,PA
CD2,RandomForest,0.8292481203007519,None,PA
HIV,RandomForest,0.690299001115775,None,PA
IBD1,RandomForest,0.8173516483516484,None,PA
IBD2,RandomForest,0.6991233211233212,None,PA
MHE,RandomForest,0.806218181818182,None,PA
OB,RandomForest,0.8474329836829837,None,PA
PAR1,RandomForest,0.6422984126984127,None,PA
PAR2,RandomForest,0.7503490549649087,None,PA
PAR3,RandomForest,0.7531286238161239,None,PA
ART,RandomForest,0.5374771241830065,None,PA
CDI,SVM,0.9216359350757848,None,PA
CIR,SVM,0.8389212121212123,None,PA
CRC1,SVM,0.6710840888215786,None,PA
CRC2,SVM,0.7326464646464647,None,PA
CD1,SVM,0.7869070512820514,None,PA
CD2,SVM,0.81324657798342,None,PA
HIV,SVM,0.7692321520287622,None,PA
IBD1,SVM,0.8071538461538462,None,PA
IBD2,SVM,0.7108840048840048,None,PA
MHE,SVM,0.7915151515151515,None,PA
OB,SVM,0.9349708624708624,None,PA
PAR1,SVM,0.4728126984126984,None,PA
PAR2,SVM,0.7684454172746856,None,PA
PAR3,SVM,0.7803829695079695,None,PA
ART,SVM,0.497202614379085,None,PA
CDI,Boosting,0.8518886501969208,Rare,PA
CIR,Boosting,0.5188424242424243,Rare,PA
CRC1,Boosting,0.65101998275173,Rare,PA
CRC2,Boosting,0.7099461279461281,Rare,PA
CD1,Boosting,0.8094711538461539,Rare,PA
CD2,Boosting,0.7369558511663774,Rare,PA
HIV,Boosting,0.6662489594955988,Rare,PA
IBD1,Boosting,0.7221043956043957,Rare,PA
IBD2,Boosting,0.5263003663003664,Rare,PA
MHE,Boosting,0.5342484848484849,Rare,PA
OB,Boosting,0.6649766899766899,Rare,PA
PAR1,Boosting,0.6126095238095238,Rare,PA
PAR2,Boosting,0.7181990480161211,Rare,PA
PAR3,Boosting,0.7586739431739431,Rare,PA
ART,Boosting,0.5865359477124182,Rare,PA
CDI,KNN,0.6951736484067311,Rare,PA
CIR,KNN,0.5082969696969697,Rare,PA
CRC1,KNN,0.5695970600814736,Rare,PA
CRC2,KNN,0.7668350168350168,Rare,PA
CD1,KNN,0.7508333333333332,Rare,PA
CD2,KNN,0.7251355953987533,Rare,PA
HIV,KNN,0.6871722632520413,Rare,PA
IBD1,KNN,0.687879120879121,Rare,PA
IBD2,KNN,0.5306666666666666,Rare,PA
MHE,KNN,0.5612545454545455,Rare,PA
OB,KNN,0.6153263403263403,Rare,PA
PAR1,KNN,0.5858222222222222,Rare,PA
PAR2,KNN,0.6773518344798832,Rare,PA
PAR3,KNN,0.6709546373296372,Rare,PA
ART,KNN,0.5509019607843137,Rare,PA
CDI,LogisticRegression,0.8673194891991883,Rare,PA
CIR,LogisticRegression,0.5747878787878787,Rare,PA
CRC1,LogisticRegression,0.6750141001100805,Rare,PA
CRC2,LogisticRegression,0.7770572390572391,Rare,PA
CD1,LogisticRegression,0.8318653846153845,Rare,PA
CD2,LogisticRegression,0.7820628494312705,Rare,PA
HIV,LogisticRegression,0.7504455129908081,Rare,PA
IBD1,LogisticRegression,0.8134945054945055,Rare,PA
IBD2,LogisticRegression,0.6455140415140416,Rare,PA
MHE,LogisticRegression,0.6260121212121212,Rare,PA
OB,LogisticRegression,0.7349475524475525,Rare,PA
PAR1,LogisticRegression,0.6394539682539683,Rare,PA
PAR2,LogisticRegression,0.7627893475088596,Rare,PA
PAR3,LogisticRegression,0.7829074266574265,Rare,PA
ART,LogisticRegression,0.6721045751633987,Rare,PA
CDI,RandomForest,0.8777128833989736,Rare,PA
CIR,RandomForest,0.6000909090909091,Rare,PA
CRC1,RandomForest,0.689632583804856,Rare,PA
CRC2,RandomForest,0.8015016835016836,Rare,PA
CD1,RandomForest,0.8185416666666667,Rare,PA
CD2,RandomForest,0.791650922177238,Rare,PA
HIV,RandomForest,0.7766585640153729,Rare,PA
IBD1,RandomForest,0.7685274725274724,Rare,PA
IBD2,RandomForest,0.6685054945054947,Rare,PA
MHE,RandomForest,0.6275090909090908,Rare,PA
OB,RandomForest,0.7370833333333333,Rare,PA
PAR1,RandomForest,0.6378285714285714,Rare,PA
PAR2,RandomForest,0.7471098950733098,Rare,PA
PAR3,RandomForest,0.7612897609147611,Rare,PA
ART,RandomForest,0.5858562091503268,Rare,PA
CDI,SVM,0.8695527509249313,Rare,PA
CIR,SVM,0.5363030303030303,Rare,PA
CRC1,SVM,0.6710840888215786,Rare,PA
CRC2,SVM,0.7030639730639732,Rare,PA
CD1,SVM,0.8299423076923077,Rare,PA
CD2,SVM,0.7877996272733114,Rare,PA
HIV,SVM,0.7668768042789083,Rare,PA
IBD1,SVM,0.814978021978022,Rare,PA
IBD2,SVM,0.5469035409035409,Rare,PA
MHE,SVM,0.5213212121212122,Rare,PA
OB,SVM,0.7227564102564102,Rare,PA
PAR1,SVM,0.470984126984127,Rare,PA
PAR2,SVM,0.759339344034466,Rare,PA
PAR3,SVM,0.7735923712173712,Rare,PA
ART,SVM,0.5822745098039216,Rare,PA
CDI,Boosting,0.8946248632046097,RareQ5,PA
CIR,Boosting,0.6177777777777778,RareQ5,PA
CRC1,Boosting,0.65101998275173,RareQ5,PA
CRC2,Boosting,0.6896666666666667,RareQ5,PA
CD1,Boosting,0.7763131313131314,RareQ5,PA
CD2,Boosting,0.7746866096866097,RareQ5,PA
HIV,Boosting,0.7821735537190083,RareQ5,PA
IBD1,Boosting,0.7144615384615385,RareQ5,PA
IBD2,Boosting,0.5922792022792024,RareQ5,PA
MHE,Boosting,0.5598,RareQ5,PA
OB,Boosting,0.7767979446028227,RareQ5,PA
PAR1,Boosting,0.6239675562532706,RareQ5,PA
PAR2,Boosting,0.7015417004048584,RareQ5,PA
PAR3,Boosting,0.751528233151184,RareQ5,PA
ART,Boosting,0.5090735294117646,RareQ5,PA
CDI,KNN,0.697947736603121,RareQ5,PA
CIR,KNN,0.7209333333333334,RareQ5,PA
CRC1,KNN,0.5695970600814736,RareQ5,PA
CRC2,KNN,0.7826161616161617,RareQ5,PA
CD1,KNN,0.7762601010101011,RareQ5,PA
CD2,KNN,0.751908831908832,RareQ5,PA
HIV,KNN,0.8097378984651712,RareQ5,PA
IBD1,KNN,0.7034615384615384,RareQ5,PA
IBD2,KNN,0.6062606837606838,RareQ5,PA
MHE,KNN,0.6342000000000001,RareQ5,PA
OB,KNN,0.8389372822299651,RareQ5,PA
PAR1,KNN,0.594108843537415,RareQ5,PA
PAR2,KNN,0.6592097165991904,RareQ5,PA
PAR3,KNN,0.6801127808136005,RareQ5,PA
ART,KNN,0.6192377450980391,RareQ5,PA
CDI,LogisticRegression,0.9080977429516364,RareQ5,PA
CIR,LogisticRegression,0.780177777777778,RareQ5,PA
CRC1,LogisticRegression,0.6750141001100805,RareQ5,PA
CRC2,LogisticRegression,0.7666262626262628,RareQ5,PA
CD1,LogisticRegression,0.8265505050505051,RareQ5,PA
CD2,LogisticRegression,0.8162962962962962,RareQ5,PA
HIV,LogisticRegression,0.7870625737898465,RareQ5,PA
IBD1,LogisticRegression,0.7467692307692307,RareQ5,PA
IBD2,LogisticRegression,0.6705128205128205,RareQ5,PA
MHE,LogisticRegression,0.7219999999999999,RareQ5,PA
OB,LogisticRegression,0.8926551226551227,RareQ5,PA
PAR1,LogisticRegression,0.6550685504971219,RareQ5,PA
PAR2,LogisticRegression,0.7503643724696357,RareQ5,PA
PAR3,LogisticRegression,0.7879192471159685,RareQ5,PA
ART,LogisticRegression,0.6778627450980391,RareQ5,PA
CDI,RandomForest,0.9029809000380912,RareQ5,PA
CIR,RandomForest,0.7851111111111112,RareQ5,PA
CRC1,RandomForest,0.689632583804856,RareQ5,PA
CRC2,RandomForest,0.8086464646464647,RareQ5,PA
CD1,RandomForest,0.8071717171717172,RareQ5,PA
CD2,RandomForest,0.8074928774928776,RareQ5,PA
HIV,RandomForest,0.784164108618654,RareQ5,PA
IBD1,RandomForest,0.7841538461538461,RareQ5,PA
IBD2,RandomForest,0.6694515669515669,RareQ5,PA
MHE,RandomForest,0.7241000000000001,RareQ5,PA
OB,RandomForest,0.8818281244500757,RareQ5,PA
PAR1,RandomForest,0.6743364730507588,RareQ5,PA
PAR2,RandomForest,0.7419392712550607,RareQ5,PA
PAR3,RandomForest,0.7606030661809351,RareQ5,PA
ART,RandomForest,0.7155220588235294,RareQ5,PA
CDI,SVM,0.9103139794308102,RareQ5,PA
CIR,SVM,0.7471111111111113,RareQ5,PA
CRC1,SVM,0.6710840888215786,RareQ5,PA
CRC2,SVM,0.6332727272727272,RareQ5,PA
CD1,SVM,0.8245757575757575,RareQ5,PA
CD2,SVM,0.828062678062678,RareQ5,PA
HIV,SVM,0.8104144037780402,RareQ5,PA
IBD1,SVM,0.729076923076923,RareQ5,PA
IBD2,SVM,0.6519373219373219,RareQ5,PA
MHE,SVM,0.6588,RareQ5,PA
OB,SVM,0.9004258614014712,RareQ5,PA
PAR1,SVM,0.3887106227106227,RareQ5,PA
PAR2,SVM,0.7511417004048585,RareQ5,PA
PAR3,SVM,0.7787847601700061,RareQ5,PA
ART,SVM,0.6316960784313725,RareQ5,PA
